Air_temperature,Process_temperature,Rotational_speed,Torque,Tool_wear
298.7,310.2,1717,27.3,26
298.4,308.5,1741,32.8,112
297.5,308.8,1360,50.7,190
300.7,310.9,1356,65.3,66
298.4,308.7,1421,60.7,119
302.6,312.1,1502,47.3,171
299.8,309.5,1495,39.6,10
297.4,308.6,1522,38,33
302.6,312.3,1454,54.8,253
300.3,309.9,1394,46.7,210
302.8,311.1,1563,32.2,78
297.8,309.2,1400,56.9,34
303.7,311.9,1561,33.3,153
297,307.8,1385,56.4,202
301.6,310.8,1355,57.8,195
300.7,310.9,1356,65.3,66
300.4,310.1,1503,42.2,196
298.8,308.7,1635,35.2,47
303.6,312.4,1436,45.6,9
300.6,311.5,1459,47,63
303,311,1359,44.2,115
302.4,310.2,1351,45.1,168
298.8,308.7,1635,35.2,47
303.6,312.4,1436,45.6,9
300.6,311.5,1459,47,63
299.1,310.2,1496,45,104
302.3,311.7,1701,27.5,145
301.7,310.1,1431,44,61
299.7,310.2,1458,43.4,28
297.9,307.8,1373,50.2,130
296.3,307.3,1398,52.7,31
297.9,307.6,1504,42.4,180
300.1,309.1,1731,30.4,92
297.1,308.1,1487,34.6,208
300.7,309.8,1490,38.8,173
299.4,310.4,1509,40.6,175
297.5,308.6,1694,27.1,36
296.3,307.2,1319,68.3,24
301.7,310.1,1431,44,61
299.7,310.2,1458,43.4,28
297.9,307.8,1373,50.2,130
296.3,307.3,1398,52.7,31
297.9,307.6,1504,42.4,180
300.1,309.1,1731,30.4,92
297.1,308.1,1487,34.6,208
300.7,309.8,1490,38.8,173
299.4,310.4,1509,40.6,175
297.5,308.6,1694,27.1,36
300,310.1,1465,40.9,60
298.8,310.2,1595,33.1,34
298.3,308.8,1454,49,166
298.1,308.2,1736,26.8,27
296.3,307.3,1368,49.5,10
300.7,310.1,1483,40.2,162
300.8,312.5,1517,39.2,107
300.6,310,1438,53.8,103
298.6,309.9,1393,45.5,38
302.2,311.7,1330,54.6,154
303.5,311.6,1428,46.2,139
298.8,309,1592,38.2,169
297.9,309.8,1336,71.6,31
300.4,309.9,2563,12.8,81
297,307.9,1414,46.2,165
300.3,311.6,1339,53.4,123
301,311.1,1615,35.6,158
297.4,308.4,1394,50.1,213
297.1,308.4,1693,29.5,100
300.4,310.8,1396,49.3,142
301.7,310.1,1500,39.6,56
296.9,308.1,1435,45.3,62
301.1,312.4,1809,25.1,126
298.9,308.6,1771,24.1,213
298.6,309.8,2271,16.2,218
302.7,310.5,1446,40.9,211
298.6,309.5,1366,55,65
295.5,306.1,1488,40.7,31
300.7,309.5,1479,43.6,240
297.6,308.6,1393,40.4,127
298.3,309,1519,40,96
301.1,311.1,1570,41.6,202
302.4,311.9,1452,43.1,137
298.1,308.6,1425,41.9,11
300.8,310.9,1557,31.6,52
302.4,311.3,1312,61.5,85
300.7,311.8,1336,58.4,189
299,310.4,1371,53.8,228
302.4,311.3,1312,61.5,85
303.7,312.4,1474,38.8,139
303.1,311.3,1474,34.8,215
300.9,310.9,1615,32,183
300.9,310.4,1541,39.1,17
301.3,311.1,1492,41.2,223
302.7,310.4,1489,42.7,33
298.1,307.6,1496,44.1,104
301.2,310.7,1426,46.1,67
300.3,310.4,1742,25.9,7
297.6,309.4,1628,33.4,229
302.6,310.2,1325,62.4,92
302.3,310.1,1321,52.7,134
300.5,312,1478,39,153
299.2,308.5,1381,60.6,59
299.8,311.2,1745,26.3,150
301,310.9,1359,53.4,180
302.4,311.9,1671,29.9,204
299.1,310.5,1739,27.4,72
297.3,308.3,1430,41.9,95
300.3,311.4,1554,34.3,99
297.7,308.2,1500,39.9,158
300.1,309.6,1463,45.1,113
301.5,310.9,2760,8,15
296.9,307.5,2721,9.3,18
302.2,311,1436,47,187
298.5,309.5,1480,38.1,160
303.6,311.9,1544,37.1,88
296.9,307.7,2008,17.5,3
296.3,307.3,1567,31.4,5
300.7,309.5,1461,49.9,0
301.8,311,1756,26.7,33
299.6,310.9,1448,46.3,196
297.4,308.4,1378,39.9,63
302.6,311.5,1629,34.4,228
299.3,308.4,1542,37.5,203
298.8,309.3,1450,44.8,63
302.7,311.7,1759,29.9,5
301.7,310.8,1502,34.4,157
297.1,308.3,1492,41.5,141
301.2,310.7,1527,41.1,53
299.2,310.3,1507,41.3,158
300.2,309.8,1506,41.8,161
300.6,311,1543,34.7,89
302.9,312.3,1515,40.8,183
298.3,309.4,1356,45.4,96
303.4,311.8,1401,53,208
298.2,308.4,1310,61,189
298,307.8,1716,26.6,9
301.6,310.6,1821,26.2,171
303.6,312.2,1696,30.7,5
302.3,311.8,1574,42.8,215
300,309.4,1308,50.2,32
297.4,308.2,1424,53.9,120
302.3,311.8,1565,37.8,59
300.5,309.7,1841,24.6,143
304.2,313.3,1625,37.3,27
297.9,307.7,1593,34.9,83
303.4,311.8,1401,53,208
298.2,308.4,1310,61,189
299.8,310,1460,37.1,169
302.8,311.1,1550,32.3,76
298.9,308.5,1580,39.1,119
303.7,312.5,1641,36,125
295.6,306.2,1477,45,40
297.1,307.8,1443,43.9,137
298.4,310.1,1533,35.2,92
298.8,309.9,1568,33.7,13
296.9,307.6,1685,32,10
302.3,310.1,1353,50.9,36
302.2,310.6,1334,53.2,159
298.7,310.2,1717,27.3,26
298.4,308.5,1741,32.8,112
297.5,308.8,1360,50.7,190
302.6,312.1,1502,47.3,171
299.8,309.5,1495,39.6,10
297.4,308.6,1522,38,33
302.8,311.1,1563,32.2,78
297.8,309.2,1400,56.9,34
303.7,311.9,1561,33.3,153
302.5,312,1411,44.2,177
300.7,310.9,1356,65.3,66
300.4,310.1,1503,42.2,196
298.8,308.7,1635,35.2,47
303.6,312.4,1436,45.6,9
300.6,311.5,1459,47,63
299.1,310.2,1496,45,104
302.3,311.7,1701,27.5,145
301.7,310.1,1431,44,61
299.7,310.2,1458,43.4,28
297.9,307.8,1373,50.2,130
296.3,307.3,1398,52.7,31
297.9,307.6,1504,42.4,180
300.1,309.1,1731,30.4,92
297.1,308.1,1487,34.6,208
300.7,309.8,1490,38.8,173
299.4,310.4,1509,40.6,175
297.5,308.6,1694,27.1,36
300,310.1,1465,40.9,60
298.8,310.2,1595,33.1,34
298.3,308.8,1454,49,166
298.1,308.2,1736,26.8,27
296.3,307.3,1368,49.5,10
300.7,310.1,1483,40.2,162
300.8,312.5,1517,39.2,107
300.6,310,1438,53.8,103
298.6,309.9,1393,45.5,38
302.2,311.7,1330,54.6,154
303.5,311.6,1428,46.2,139
298.8,309,1592,38.2,169
297,307.9,1414,46.2,165
300.3,311.6,1339,53.4,123
301,311.1,1615,35.6,158
297.4,308.4,1394,50.1,213
297.1,308.4,1693,29.5,100
300.4,310.8,1396,49.3,142
301.7,310.1,1500,39.6,56
296.9,308.1,1435,45.3,62
301.1,312.4,1809,25.1,126
298.9,308.6,1771,24.1,213
298.6,309.5,1366,55,65
295.5,306.1,1488,40.7,31
300.7,309.5,1479,43.6,240
297.6,308.6,1393,40.4,127
298.3,309,1519,40,96
301.1,311.1,1570,41.6,202
302.4,311.9,1452,43.1,137
298.1,308.6,1425,41.9,11
300.8,310.9,1557,31.6,52
302.4,311.3,1312,61.5,85
303.7,312.4,1474,38.8,139
303.1,311.3,1474,34.8,215
300.9,310.9,1615,32,183
300.9,310.4,1541,39.1,17
301.3,311.1,1492,41.2,223
302.7,310.4,1489,42.7,33
298.1,307.6,1496,44.1,104
301.2,310.7,1426,46.1,67
300.3,310.4,1742,25.9,7
297.6,309.4,1628,33.4,229
300.5,312,1478,39,153
299.2,308.5,1381,60.6,59
299.8,311.2,1745,26.3,150
301,310.9,1359,53.4,180
302.4,311.9,1671,29.9,204
299.1,310.5,1739,27.4,72
297.3,308.3,1430,41.9,95
300.3,311.4,1554,34.3,99
297.7,308.2,1500,39.9,158
300.1,309.6,1463,45.1,113
302.2,311,1436,47,187
298.5,309.5,1480,38.1,160
303.6,311.9,1544,37.1,88
296.9,307.7,2008,17.5,3
303,311,1359,44.2,115
296.3,307.3,1567,31.4,5
300.7,309.5,1461,49.9,0
301.8,311,1756,26.7,33
299.6,310.9,1448,46.3,196
297.4,308.4,1378,39.9,63
298.8,309.3,1450,44.8,63
302.7,311.7,1759,29.9,5
301.7,310.8,1502,34.4,157
297.1,308.3,1492,41.5,141
301.2,310.7,1527,41.1,53
299.2,310.3,1507,41.3,158
300.2,309.8,1506,41.8,161
300.6,311,1543,34.7,89
302.9,312.3,1515,40.8,183
298.3,309.4,1356,45.4,96
298,307.8,1716,26.6,9
301.6,310.6,1821,26.2,171
303.6,312.2,1696,30.7,5
302.3,311.8,1574,42.8,215
300,309.4,1308,50.2,32
297.4,308.2,1424,53.9,120
302.3,311.8,1565,37.8,59
300.5,309.7,1841,24.6,143
304.2,313.3,1625,37.3,27
297.9,307.7,1593,34.9,83
299.8,310,1460,37.1,169
302.8,311.1,1550,32.3,76
302.6,312.3,1454,54.8,253
298.9,308.5,1580,39.1,119
303.7,312.5,1641,36,125
295.6,306.2,1477,45,40
297.1,307.8,1443,43.9,137
298.4,310.1,1533,35.2,92
298.8,309.9,1568,33.7,13
296.9,307.6,1685,32,10
298.9,310.4,1831,25.4,81
299.2,308.5,1474,47.2,132
298.2,308.8,1540,34.8,32
299.3,310,1373,44.8,221
302.3,310.8,1421,41.4,102
297.9,307.6,1344,54.3,151
300.9,310.8,1571,39.9,51
302.6,311.7,1542,34.1,137
299.4,309.1,1670,35.9,68
298.9,310.5,1525,38.5,27
302.2,311.6,1658,31.4,89
298,307.8,1414,51.7,140
297,307.8,1385,56.4,202
299.3,310.8,1523,40.9,141
304.1,313.2,1824,25.8,186
298.9,309.5,1645,31.1,169
297.9,309.1,1619,34.7,33
300.4,309.9,1376,43.5,74
301.4,310.8,1530,39.9,107
297.4,308.4,1564,35,105
302.2,310.8,1744,29.7,16
300.8,312.3,1858,26.3,144
301.3,310.6,1521,36.3,166
298.7,308.4,1694,28.7,195
298.3,309.4,1546,36.1,94
299.7,309.3,1445,42.6,0
300.7,309.5,1850,24.5,19
302.7,312.5,1417,51.5,19
299.3,308.7,1536,38.9,94
300.2,309.7,1483,43.8,108
301.7,310.6,1876,22.1,99
297.8,307.4,1752,26.1,52
297.4,308.7,1798,23,135
302.2,310.8,1422,47,3
298.4,308.7,1421,60.7,119
298.2,308.4,1424,47.6,179
298.6,309.7,1463,39.1,66
299.5,310.8,1754,31.3,114
297.5,309.4,1650,34.6,142
297.3,308.5,1435,55,104
297.5,308.8,1312,50.3,159
302.4,310.2,1351,45.1,168
302.3,310.1,1653,29.7,34
300.2,311.4,1960,20.9,20
297.3,308.4,1513,40.5,25
301.8,310,1642,32.6,201
299.8,310.6,1707,32.5,124
300.8,310.8,1461,41.3,53
300.6,309.6,1423,49.1,74
300.8,310.4,1570,35.2,23
297.4,308.1,1729,31.7,204
301,310.7,1464,45.8,184
303.1,312.6,1895,23.5,129
303.1,312.5,1453,49.1,140
302,311.1,1406,50.5,187
300.3,311.7,1723,28.3,193
298.6,309.5,1730,30.2,41
297.3,308.2,1553,33.5,2
300.7,311,1403,48.3,70
298.7,309.8,1539,33.4,2
299.3,309.1,1496,37.2,149
301.6,310.6,1555,40.4,139
300.7,309.5,1685,31.1,27
298.7,308.5,1469,39.9,67
297.3,308.2,1754,29.4,123
302,309.7,1551,34.8,207
302.2,310,1483,48.7,20
304,313.3,1844,27.1,88
300.3,311.7,1821,26.3,202
304.2,313.4,1329,54.5,75
302.2,311.5,1734,25,116
299.7,309.2,1616,31.6,175
302.3,311.3,1682,34.4,127
296.9,307.7,1550,39.7,124
297.7,308.9,1575,39.9,12
299.6,309,1525,42.8,160
303.5,312.9,1501,44,128
297.8,307.6,1446,51.4,105
297.9,307.8,1303,59.3,75
298.3,309.4,1570,35.6,138
300.3,309.5,1474,38.7,35
300.8,311.3,1782,26.9,116
300.4,310.5,1540,33.4,32
301.9,310.7,1429,51,76
301.6,310.8,1355,57.8,195
303,311.2,1592,38.9,188
302.1,311.4,1686,30.9,106
299.1,308.3,1305,61.4,17
299.8,311.1,1452,47.3,188
295.9,306.6,1679,30.4,117
300.7,311.7,1499,38.4,205
298.1,307.4,1335,56.2,190
299.6,309.2,1597,36.3,35
298,308.7,1506,47,208
298.2,307.9,1544,31.4,192
295.7,306.2,1458,49.8,151
300.5,309.5,1777,23.6,0
297.8,307.4,1438,43.6,141
299.7,311.1,1574,36.4,135
301.4,310.1,1502,46.6,37
298,308.6,1313,50.8,170
300,309.6,1573,39.7,162
301.3,310,1438,40.9,7
300.3,310.2,1369,48.8,36
300.8,310.2,1598,36.5,195
302.6,310.4,1649,30.1,62
300.1,309.5,1462,42.8,50
300.3,311.5,1446,45,82
298.9,308.8,1621,32.7,75
298.6,309.9,1356,59.5,34
302.6,312.2,1458,38.8,34
299.4,309.1,1461,48.6,70
298.4,308.2,1478,43.5,206
302.2,311.3,1510,37.1,10
297.5,308.6,1486,45.9,78
298,308.9,1578,35.6,153
301.3,310,1344,54.8,186
299.6,310.2,1333,51.2,40
297.9,308.9,1566,41.9,50
300.1,311.3,1518,40.2,130
300.4,311.2,1530,32,169
298.9,308.9,1727,27.1,37
300.9,312,1397,42.7,212
297.4,308.2,1401,51.9,117
298.7,309.7,1393,45.7,99
296.2,307.3,1711,29.9,42
298.1,307.8,1432,49.8,198
300.8,311.9,1621,28.3,211
303.5,311.6,2183,17,110
300.7,311.8,1420,47,119
298.4,308.2,1468,43.8,2
298.1,308,1652,28.5,63
303.7,312,1892,22.5,79
298,309.1,1574,34.8,40
300.3,311.1,1676,28.6,158
301.5,310.6,1522,36.6,202
297.9,307.8,1286,59.5,55
298.6,309.6,1472,39.1,14
302.2,311.8,1618,36,158
301.7,310.6,1545,42.1,68
300.5,309.4,1360,46.2,93
300.1,310.6,1374,45.4,119
299.3,310.5,1462,40.5,24
298.1,308.9,1351,52.4,102
298.8,309.2,1452,48.6,98
297.6,308.6,1463,46.7,85
297.9,308.1,1627,31.4,209
298.7,310,1459,40.2,69
300.2,309.7,1771,27.1,104
299.2,310.4,1502,39.8,34
297.4,308.7,1522,46.3,146
299.9,310.4,1576,34.3,188
297.9,307.6,1589,37.8,120
300.4,311.4,1604,31.7,119
297,307.6,1680,35.8,20
300.4,309.7,1685,31.3,152
300.7,311.8,1336,58.4,189
297.5,308,2033,16.7,128
299.2,308.5,1340,50,144
298.8,308.4,1737,27.7,130
302.6,310.2,1325,62.4,92
303.7,312.6,1621,38.8,182
300.2,311.3,1491,37.3,102
302.5,310.4,1605,36,69
295.6,306.2,1650,28.2,35
298.9,310,2231,17.4,151
298.5,309.6,1861,26.9,130
300.1,310.5,1492,50.9,111
303.9,313.4,1464,49.1,171
300.9,310.2,1382,50.4,131
298.5,309.7,1523,44.6,83
297.3,308.6,1385,55.2,156
300.2,311.5,1549,37.2,67
301.6,310.8,1435,47.2,152
302.6,311.4,1718,31.2,154
300,311.3,1407,47.3,208
302.4,311.9,1313,55.7,102
296.8,307.4,1472,43.9,30
301,311,1804,25.8,174
297.2,308.6,1489,40.2,214
303.2,312.4,1663,33.7,71
301,310.6,1641,33.4,12
302,310.6,1325,55.3,192
300.6,310.7,1543,39.6,60
301.4,311.3,1397,42.3,48
299.2,308.4,1711,28.9,197
300,311.4,1791,24.1,213
300,309.3,1395,56.5,122
302.3,310.8,1438,43.8,119
301.3,311.3,1434,49.8,16
303.7,312.7,1426,45.5,192
297.4,308.6,1476,42.3,107
300.1,310.5,1394,44.3,121
299.3,309.2,1541,37.2,118
300.7,310.7,1428,43.4,26
298.8,310.2,1583,35.7,116
302.5,311,1387,52.1,116
299,310,1338,56.4,29
300.4,309.4,1412,51.6,153
301.5,310.6,1565,43.9,142
300.2,309.6,1442,49.2,61
299,310.1,1886,21.2,13
299.2,310.2,1609,33.2,156
296.3,307.2,1319,68.3,24
300.2,311.5,1432,43.6,127
297.1,307.8,1681,27.6,181
298.8,309.7,1392,48.7,133
297.3,308,1527,35.1,165
298.8,308.9,1466,44.1,184
300.8,310.6,1666,36.2,144
300.6,310.4,1407,51.1,157
300.5,309.9,1735,27,107
303.8,312.9,1819,23.7,16
298,307.6,1385,45,158
302.6,311.6,1311,53.2,0
297.5,308.5,1340,57.4,143
297.1,308.2,1427,45.2,136
299.7,309.2,1478,38.8,199
300.6,310.5,1462,41.3,68
302,310.9,1679,29,222
303.9,313.1,1665,29.6,0
303.9,313.1,1437,48.3,110
301.2,310.6,1437,51.2,112
297.9,309.2,1529,38.1,96
300.1,310.1,1426,42.7,64
301.2,310.1,1666,34.9,37
299,310.2,1637,38,68
304.1,313.3,1680,29.3,158
298.8,310.3,1573,41.8,91
297.4,308.9,1376,39,181
298.9,309.8,1390,49.9,21
296.6,307.6,1498,41.1,80
298.2,307.8,1566,33.8,100
298.1,308.7,1691,30.3,49
299.3,310.4,1548,41.6,25
298.2,308,1538,38.2,59
302.3,311.2,1549,40.6,66
298.5,309.3,1630,33.3,116
301.2,309.9,1643,32.9,171
300.4,309.8,1435,43.6,203
298.7,309.9,1434,53,144
297.8,307.8,1412,48.3,27
298.5,310,1804,26.1,22
299,310.4,1371,53.8,228
299,309.9,1411,44.7,94
300.6,311.9,1604,30.5,45
301.5,310.7,1599,40.4,72
296.4,307.5,1403,52.8,94
301.4,310.8,1389,52.7,125
298.2,307.8,1585,34.6,78
297.4,309,1583,32,166
302.4,311.4,1475,45.2,46
300.4,309.3,1766,28.2,207
300.8,311.2,1365,51.7,111
298.7,308.5,1360,52.9,69
296.3,307.2,1446,45.9,180
299.9,309.5,1372,56.2,133
298.9,308.5,1456,50,156
299.5,309.1,1357,47.3,106
299.3,308.9,1577,34.9,160
298.6,308.3,1377,52.1,181
303.4,312.8,1449,43.9,94
298.3,309.4,1618,31.5,108
298.4,308.1,1495,46,203
303.1,311.2,1489,44.5,27
301.5,310.8,1413,44.6,166
298.2,307.8,1599,31.2,173
299.5,309.2,1497,40.9,169
295.8,306.3,1444,45.5,76
301.5,311.1,1402,40,94
301,310.7,1493,48.1,145
298.5,308.2,1451,47.5,18
298.5,309.7,1561,35.3,208
301.3,310.1,1531,41.6,9
302.7,310.6,1564,34.3,0
297.4,308.6,1439,51.9,188
297.4,308.9,1348,59.1,201
303,311.2,1755,30.4,205
297.4,308.7,1392,46.4,174
301.5,310.5,1587,33.8,57
301.1,312.3,1682,29.7,83
297.4,308.4,1573,34.5,205
297.3,308.1,1370,58.8,199
302.1,311.3,1521,31.5,202
303.6,312.4,1460,53.7,214
299.4,310.7,1426,45.7,213
297.3,308.6,1505,33.5,14
297,307.8,1500,39.9,175
302.1,310.5,1559,36,124
298.2,308.7,1428,54.9,45
295.8,306.4,1325,56.2,65
298.5,308,1404,48.1,32
298.8,309.8,1493,38.5,132
303.4,311.8,1401,53,208
301.1,310.2,1850,27.7,44
300.5,310,1358,60.4,102
302.3,311.3,1744,30.3,116
302.3,310.1,1321,52.7,134
298.5,309.2,1449,46.4,83
297,307.9,1846,27.3,179
297.6,309.5,1617,36.2,42
302.1,310.6,1385,53.6,5
302.5,311.1,1538,36.8,208
300.7,311.8,1564,36.8,11
297.2,308.6,1924,22.1,163
299.7,309.2,1608,34.4,68
300.1,311.6,1530,36.6,74
300.6,310.5,1644,33.8,148
301.4,310.4,1543,40.9,190
302.3,310.9,1403,47.2,173
304,313,1407,42.1,5
302.1,311.3,1477,43.6,196
300.7,309.5,1445,46.4,24
297.4,308.4,1421,46,124
302.1,311,1351,49.5,196
300,309.1,1474,45.2,152
300.3,309.5,1405,49.4,77
298.9,308.2,1411,51.3,43
297.7,308.4,1289,51.3,82
303.4,312.9,1307,54.3,68
296.9,307.8,1840,24.6,157
303.5,311.9,1565,38.9,12
299.7,309.3,1546,37.2,4
300.6,309.5,1576,38.8,124
300.2,309.5,1436,48.8,135
299.2,309,1951,21.4,102
300.8,311.1,1509,33.4,172
298.8,309.1,1368,49.1,117
298.2,308.3,1402,51,141
297.3,308.2,1601,35.7,9
298.8,310.2,1814,26.8,204
295.5,306,1800,27.6,208
303.6,312.6,1699,27.9,160
297.1,308.2,1351,56.6,126
303.9,312.6,1426,53.4,172
297.5,309.1,1611,30.2,211
300.4,309.7,1740,31.1,113
297.9,308.8,1386,48.6,75
300.7,311.7,1524,43.5,222
297.9,309.8,1336,71.6,31
298.7,308.4,1507,45.7,192
299.6,310.1,1384,49.8,11
302.5,312,1456,46.3,208
302.9,312.3,1509,46.8,175
297.6,309.6,1428,46.6,13
300.9,310.9,1370,52.5,107
297.6,308.5,1443,38.2,85
300.7,311,1418,49.3,106
301.5,310.6,1453,44,208
297.4,308.4,2151,17.7,0
301.5,310.9,1580,32.3,11
300,311.4,1655,29.6,30
297.5,308.8,1502,45.9,150
300.8,309.4,1946,20.5,111
303.3,311.8,1548,33.5,75
299.4,308.9,1440,42.5,87
299.2,310.3,1610,33.3,233
297,308.1,1355,43.7,217
296.2,307,2119,18.3,159
301.8,311.1,1399,41.8,125
300.8,310.6,1384,52.9,165
298.7,309.7,1311,54.5,52
298.9,308.8,1530,38.3,23
297.8,309.7,1935,22.1,171
299.3,309.1,1493,38,151
302.6,311.9,1598,35.5,69
299,310.1,1555,38.6,118
300,309,2174,16.9,112
302.3,311.7,1648,32.1,197
300.3,310.2,1429,44.7,203
302.3,310.1,1353,50.9,36
297.4,308.4,1341,52.2,49
297.2,308.1,1662,31.3,0
300.6,310.3,1614,32.7,0
299.2,310.5,1548,33.5,35
300.4,309.9,2563,12.8,81
300.9,311.3,1613,32.7,170
303.3,311.4,1395,59.1,4
303.3,311.4,1510,37.3,36
298.7,310.1,1368,56.8,72
298.4,308.2,1612,32.6,10
297.9,307.8,1397,45,104
301.5,310.9,2760,8,15
298.5,309.4,1573,33.6,143
299.4,309.1,1645,28.6,57
299.3,309.2,1440,37.5,111
300.2,310.1,1485,40.5,188
299.7,311.2,1616,42.3,180
297.9,307.3,1502,36.7,12
297.4,308.6,1494,42.6,161
296.6,307.4,1616,28,175
298.6,308.4,1310,59.7,40
300.8,309.6,1498,45.8,47
302.3,311,1521,34.8,72
301,312.3,1550,34.9,111
297.3,309,1548,37.4,171
300.3,309.6,1524,38.4,54
297.7,308.9,1327,63.7,21
300.5,309.8,1566,35.9,204
297.7,309.3,1559,36.9,145
297.1,308.2,1790,30.3,128
298.6,309.6,1593,33.3,95
302.2,310.6,1334,53.2,159
299.3,309.1,1385,45.6,34
298.9,310.1,1473,42.6,164
298,307.5,1387,45.5,166
298,308.2,1620,35.8,5
298.6,309.7,1925,22.1,7
299.2,308.4,1509,39.4,0
300.7,310.7,1416,40.4,214
300.7,311.7,1532,40,0
300.9,311.4,1387,42.7,121
300.7,311.9,1476,42,196
301,310.5,1601,33.2,77
296.9,307.8,1557,38.1,135
297.3,308.2,1677,34.9,21
299.6,309.1,1471,44.3,67
302.9,312.1,1334,54.7,88
296.6,307.5,1582,37.9,197
300.2,309.5,1458,46.9,23
300,311.2,1504,37.9,58
302.3,311.8,1559,34.4,191
300.3,309.9,1394,46.7,210
298.8,309.7,1424,49.6,129
298.6,309.7,1675,28.4,115
302.3,312,1746,28.1,167
300.2,309.6,1359,51.5,66
303.7,312.9,1566,32.6,9
300.7,311.9,1485,38.8,9
301.8,310,1493,40.3,185
297.2,308.5,1588,40.4,190
299.9,309.1,1412,48.3,198
302.9,312.5,1551,40,20
300,311.4,1484,37,183
304.1,313.2,1410,42.4,155
297.3,308.3,1471,38.2,37
297.3,308.7,1587,35.8,148
296.9,307.5,2721,9.3,18
300.3,309.6,1326,52.4,57
300.6,309.4,1452,39.4,78
300.4,309.6,1675,35.5,164
299.6,309.2,1540,36.7,221
300,309.2,1610,32.1,150
297.9,307.8,1635,34,142
304.1,313.1,1327,54.1,57
301.8,310.7,1644,33.4,68
301.8,310.3,1465,46.5,60
297.4,308.5,1475,47.2,69
298.8,308.5,1359,47.6,85
302.5,311.6,1595,29.5,35
303.1,311.1,1854,22.6,19
301.1,312.3,1534,39,129
297.6,308.4,1398,41.9,215
300.6,310.9,1472,47.6,75
301.5,310.6,1424,47,26
298.6,309.8,1561,32.6,201
301,310.4,1563,34.4,124
301.4,310.4,1579,36.9,133
297.2,308,1869,25.4,163
299.1,308.9,1397,52.4,112
297.3,308.5,1350,57.6,186
299.3,308.6,1433,37.7,42
297.1,308.4,1421,42,165
298.6,309.8,2271,16.2,218
301.9,309.8,1724,27.5,126
300.3,311.9,1429,41.6,184
297.8,307.4,1488,36.1,57
298.2,308.9,1737,25.5,26
300.4,311,1433,46.1,199
300,309.3,1558,29.7,168
300.7,309.7,1523,38.2,73
300.3,311.4,1526,38.5,101
302.4,311.5,1785,24.8,45
301.2,310.1,2280,15.7,11
300.4,311.3,1495,51.2,175
302.3,311.5,1387,47.3,2
302.2,310.8,1350,56.6,76
301.4,310,1689,32.1,207
299.1,310.6,1791,28,168
301.3,310.9,1760,23.9,76
299,308.9,1526,41.1,20
301.6,310.5,1809,25.5,40
299.6,311.1,1521,37.2,131
302.5,312,1451,43.2,189
302.1,310.9,1666,30.7,203
303.7,313.1,2130,18.1,185
300.4,309.3,1525,39.6,202
302.2,310.8,1673,32.9,52
298.4,309.5,1397,50.3,110
302.3,311.7,1517,37.6,124
298.8,309.6,1309,57.4,185
299.6,311.1,1679,30.7,129
300.8,311.2,1429,52.3,77
302.7,312.3,1421,48.5,0
299,310.1,1470,40.3,83
296.6,307.6,1671,28.8,108
302.5,311.5,1655,32.3,142
300.4,309.6,1553,43.9,75
301,310.9,1740,28.9,129
302,311.4,1587,35.9,30
301.1,310.8,1792,25.8,121
301.2,310.5,1546,40,55
297.4,308.2,1471,46.5,25
298.8,309.1,1512,40.7,156
301.3,310.1,1558,36.3,184
302.4,311.7,1721,26.9,112
297.5,308.6,1514,36.9,134
302.8,312.5,1462,43.4,68
300.5,310.3,1435,43.3,31
298.2,307.8,1476,36.8,134
298.3,307.9,1551,33.8,72
299.1,308.6,2329,14.6,95
299.7,309.6,1399,51.3,144
300.8,311.9,1498,39.3,23
300.6,309.8,1688,28.6,135
298,309.1,1557,36.4,65
302,309.8,1701,27.2,4
301.5,310.5,1702,28.7,135
299.2,310.6,1704,30.6,160
298.2,308.9,1332,44.4,100
298.7,309.2,1449,42.3,182
301.5,310.5,1636,28.7,106
301.2,311,1612,32.9,129
298.2,308.4,1310,61,189
301.2,309.9,1984,19.7,169
303.8,312.9,1619,35.7,182
298.1,308,1626,36.5,83
300,309.3,1473,46,35
301.3,311,1554,47.7,84
302.1,310.7,1325,45.1,208
297.7,309,1538,43.2,30
297.6,309.3,1529,41.9,3
298.1,308.4,1592,38.2,211
301.4,310.7,1590,36.3,43
299.9,309.5,1547,38.5,148
300.4,311.3,1608,35.1,114
298.6,309.4,1362,45.3,56
303.8,312.9,1589,37.2,203
299.7,311.2,1352,52.1,176
299.8,310.4,1698,28.3,103
298.9,309.6,1663,33.7,195
300,309.6,1514,44.6,98
299.7,308.9,1551,35.4,82
298.3,308.9,1390,49.7,23
300.2,309,1642,31.2,37
297.3,308.8,1499,44.2,134
300.9,311,1316,56.5,120
299.1,310.5,1496,35.2,60
302,309.9,1606,34.5,156
297.6,308.4,1611,31,48
299.7,311,1983,21,201
298.4,309.3,1496,45.6,129
298.9,310.6,1363,52.6,190
302.3,310.2,1506,33.8,43
301.3,310.6,1527,44,114
298.3,308,1553,41,52
300.7,311.3,1487,39.8,50
295.7,306.2,1464,46.2,92
300.7,310.1,1376,50.8,75
300.1,311.3,1523,34.1,135
300.4,311.6,1715,30.8,203
297.8,307.4,1418,41.2,155
300.9,310.7,1420,43,133
300.4,311.4,1728,31.7,133
297.5,308.9,1459,48.5,193
304.1,313.2,1427,46.9,123
302.5,310.4,1429,43.2,191
301.7,309.9,1533,40.9,106
299.7,309.2,1572,32.8,142
300.8,310.2,1304,52.5,157
298.1,307.8,1514,43.5,78
301.3,311.2,1675,32.1,12
302.2,311.4,1398,47.2,202
296.2,306.8,1526,42.3,129
298.4,309.3,1355,50.6,8
299.2,308.8,1523,38.9,112
297.9,309.1,1488,37.3,30
300.2,309.2,1431,51.3,57
297.6,309.4,1958,22.1,108
301.8,311,1651,32.5,195
300.3,309.6,1593,38.1,140
300.6,310.9,1344,46.7,133
300.4,310.6,1448,44.9,21
300.6,312.2,2174,18.5,95
299.3,309,1786,23.5,100
301.3,311.1,1413,42,221
301,310.9,1450,45.9,35
298.8,308.6,1507,42.3,207
301.4,310.7,1459,37.7,40
298.2,307.7,1952,21.6,93
302.5,312,1574,42,188
301.1,312.3,1464,35.3,65
300.3,311.3,1506,40.7,98
299.2,310.3,1551,44.8,18
301.7,310.5,1523,34.7,181
299,308.6,1466,46.4,112
303.8,312.7,1461,38.2,188
295.8,306.5,1641,32.2,101
301.5,311.2,1700,28.8,39
300.4,309.7,1384,45.1,159
299.4,309.1,1547,40.9,50
303.7,312.3,1606,37.4,103
297.9,307.6,1550,39,35
301.6,310,1566,30.3,79
295.6,306.2,1329,55.3,135
298.2,308.9,1709,28.1,81
300.6,310.8,1389,48.1,88
304.1,313.6,1611,31.4,144
300.5,311.4,1679,27.5,59
297.3,308.6,1297,45.9,184
303.2,311.5,1336,58.2,2
300.3,309.9,1518,36.4,0
303.3,311.3,1502,39.5,38
300.9,310.8,1517,44.3,4
300.9,312,1375,56.1,182
301,310,1212,67.9,30
301.8,310.8,1618,37.8,59
303.6,312.9,1381,57.8,27
302.2,311.5,1567,33.1,168
298.4,308,1380,47.6,130
300.8,310.4,1518,36,59
300.3,311.8,1413,46,182
300.7,311.2,1457,51.4,61
298.9,310.1,1523,39.1,53
298.3,308.2,1663,28.4,67
299.3,309.2,1586,37.9,129
299.4,309.1,1373,44.1,81
299.7,310.7,1498,37.8,146
298.5,309.7,1613,36.7,0
301.6,310.7,1380,51.8,216
300.8,312,1374,50.2,154
300.5,311.2,1551,36.6,205
297.9,309.9,1410,55.4,188
297.6,308.5,1360,48.6,77
302.7,310.7,1369,47.5,11
300.9,310.9,1749,26.4,40
304.1,313.6,1382,46.7,134
300.9,311.2,1789,25.5,114
302.2,311.4,1539,35.1,24
300.3,309.2,1532,40.2,194
299.9,311.3,1535,38.1,160
299.2,310.7,1540,36.3,175
303.5,312.7,1420,49.1,42
299.2,309,1615,33.7,193
302.1,311.5,1383,53.6,108
301.6,309.8,1588,33.9,89
298.1,309,2042,17.8,129
298.9,310.5,1717,26.9,17
300.5,310.6,1621,32,184
299.8,311.1,1466,46.1,58
299.3,310.5,1505,38.8,30
298.9,310.6,1406,43.8,12
297,307.7,1867,22.8,118
301,310,1480,43.5,21
297.6,308.3,1467,36.7,68
297.4,309.3,1622,35,123
301,311.7,1547,34.5,152
302.7,310.5,1563,35,8
296.9,307.9,1557,36.5,63
298.9,309.3,1375,42.7,58
302.2,311.7,1584,36.2,63
302.7,310.5,1520,39.3,73
301,310.9,1568,38.2,172
297.2,308.5,1482,39.3,187
296.8,307.6,1588,37.6,126
299.9,309.6,1254,61.3,124
298.2,308.1,1379,62.3,149
301,310.5,1429,39.4,98
300.1,310.1,1306,64.7,57
296.2,307.1,1444,46.7,194
297.2,308.1,1770,27.2,140
303.9,313.2,1499,37.4,7
300.6,311.6,1473,31.5,69
302.9,312.2,1729,23.6,96
300.8,311.8,1417,43.4,223
300.3,311.5,1667,28.8,56
297.6,308.4,1353,57.5,88
302.2,311.9,1596,38,156
298,308.5,1461,48,68
302.4,310.2,1331,45.5,53
297.4,308.3,1723,28.8,33
299.5,309.3,1462,46.7,7
300.9,311,1382,51.2,136
303.4,311.6,1449,41.7,132
296.8,308,1666,29.8,41
300,309.3,1364,41.2,104
297.9,307.3,1824,26.3,5
302.1,310.8,1409,41.3,39
300.4,311.5,1750,27.3,116
302,310.8,1609,35.2,4
300.7,309.6,1421,49.8,165
300.9,310.4,1788,27.8,90
299.9,309.2,1525,33.2,0
302.3,311.7,1414,47,11
300.7,310.6,1505,40.6,179
299.8,309,1614,30.8,100
298.5,308.2,1654,27.1,13
299.9,311.4,1480,44.9,108
297.7,307.3,1514,38.6,19
300,310.5,1517,42.2,186
299.3,310.7,1440,45.5,146
301.5,310.5,1528,35.7,198
299.3,310.5,1818,26,102
298.1,308.9,1388,53.5,83
297.7,309.7,1440,51.1,191
298.7,309.9,1593,42.5,146
298.8,309.9,1629,31.9,49
301.3,309.9,1565,36,213
301.3,310.5,1365,47.7,70
299.6,309.3,1387,48.3,25
299.1,310.4,1524,51.4,66
298.4,309.1,1579,36.1,123
299.5,309.1,1476,47.8,223
298.1,310,1553,40.9,49
301.5,310.6,1492,43,100
300.6,311.7,1488,47.7,22
303.7,312.4,1348,51,152
298.7,309.9,1411,45.1,51
298.1,308.1,1484,40.4,59
299.1,308.6,1260,57.8,152
300.4,309.7,1539,37.7,156
301.7,311.1,1644,32.8,206
298.6,309.3,1449,46.5,26
301.4,310.7,1509,38.3,95
301,310.6,1366,50.6,106
298.5,308.2,1301,66.3,42
302.4,312,1562,37.9,10
297.6,308.5,1431,52.6,26
300.3,309.9,1494,38.5,33
301,310.4,1512,44.9,86
304.1,313.2,1586,34.6,139
298.9,310.1,1452,49.9,187
299,310.5,1336,56.8,136
300.8,311.7,1681,31.3,221
296.4,307.5,1549,36.1,58
300.7,311.9,1366,55.1,36
297,308.1,1537,39,103
301.5,310.6,1481,46.8,20
300.9,310.9,1474,35.7,175
298.3,308.6,1548,40.3,140
298.2,308.2,1466,42.4,164
302,310.4,1595,32.9,135
304,313.2,1517,43.1,96
300,310.4,1333,49.1,131
299.1,308.9,1476,42.7,225
301.5,310.6,1998,20.2,210
300.3,310.3,1629,34.1,52
300,311.5,1451,49,115
300.4,311.4,1552,28.8,135
299,308.4,1356,52.6,188
303.3,311.8,1536,40.6,205
299.1,308.3,1451,42.8,21
302.3,310.1,1688,30.4,115
301.7,311,1546,43,23
302.1,310.1,1447,46.6,169
298.1,309.5,1530,40.2,65
298.7,309.6,1516,38.5,61
297,307.7,1498,47.1,199
300.9,311.6,1671,33.5,148
297.8,309.8,1533,36.8,198
304.3,313.5,1802,25.4,170
298.4,309.7,1581,34.6,150
299.9,311.3,1413,41.8,153
296.7,307.9,1690,29.6,119
302.8,312.4,1590,34.4,64
304,313,1377,56,61
300.5,310.3,1336,57.1,29
298.8,309.7,1529,44,136
301.6,310.7,1813,24.6,210
304.1,313.2,1586,41.1,129
300.6,312,1566,30.1,128
302.2,311.3,1475,48.6,104
300.1,309.3,1443,50.3,196
300.7,310.8,1452,47.9,77
303.4,311.9,1434,44.6,78
300.9,309.5,1469,43.4,126
300.5,311.6,1497,40.5,180
298.7,308.5,1353,47,190
298.5,309,1741,28,21
296,306.6,1511,35.2,119
303.7,313.1,1406,48.6,183
302.6,310.5,1524,33.7,204
297.9,309,1450,46.8,118
303.8,312.7,1507,38.5,180
303.3,312.7,1642,33.6,104
297.4,308.5,1486,48.6,75
300.4,309.7,1584,32.6,71
298.4,308.3,1318,59.1,22
302.7,310.5,1446,40.9,211
299,308.6,1587,38.6,124
300.9,312,1447,41.4,193
300.8,312,1477,37.3,164
302.3,311.6,1608,39.9,136
303.1,311.2,1452,52.9,11
304.1,313.5,1587,33.6,108
302.2,311.1,1630,34.6,94
300.8,311.8,1427,43.3,180
300.8,311.4,1322,67.2,18
300.6,311.9,1413,41.3,43
298.8,309.6,1523,41.9,165
297.9,308.1,1585,33.5,212
298.7,309.7,1510,40.6,162
297.6,308.5,1848,23.7,37
303.7,312.8,1543,38.3,61
304.2,313.4,1735,28.9,192
302.7,312.4,1477,46.3,251
300.3,311.4,1544,41.6,97
299.6,310.9,1533,31.8,91
301.3,310.6,1556,39,72
302.7,310.5,1398,47.3,70
301.9,310.6,1610,33.4,87
298.3,307.8,1330,55.4,114
296.2,307.2,1552,34.8,8
297.8,307.5,1388,40,159
300,311.2,1351,44.1,206
301.4,311,1733,25.7,182
297.9,308,1954,21.1,42
297.7,309.3,1400,48.9,147
302.2,310.7,1413,48.9,114
300.5,311.5,1661,35.9,110
303,311.1,1372,54.3,117
297.4,308.2,1533,37.4,115
298.1,308.9,1459,50.3,115
298.6,309.5,1420,50.4,82
303.5,312,1761,25.8,105
297.9,308.8,1613,31.4,57
299.8,309.6,1434,48,82
297.1,307.9,1980,20.3,159
297.6,309.5,2001,20.5,220
297.4,309,1497,41.8,144
300.3,311.6,1374,47.4,197
303.2,311.4,1351,53.8,8
302.2,311.7,1412,44.5,204
296.9,308.4,1557,32.4,173
295.8,306.4,1356,48,99
295.6,306.2,1632,32.2,76
298.7,310.3,1451,40,86
298,308.5,1713,25.3,124
303.4,312.7,1589,34,116
299.5,309.1,1852,22.6,77
302,311,1550,35.2,184
303.7,312.4,1316,59.3,137
299.7,310.3,1386,46.6,2
297.6,307.1,1526,39.1,39
297.4,308.8,1573,33.9,123
301.5,310.7,1408,47.3,79
301.1,311.6,1488,43.4,5
297.7,308.9,1516,33.7,92
296.9,307.8,1549,37.8,104
299,310.4,1452,46.2,168
300.5,309.8,1370,55.9,143
299.8,310.1,1553,42,177
302,310.8,1767,27.4,11
302.2,310.5,1507,40.4,111
300.2,310.2,1438,51.5,7
298,309.2,1527,32.4,99
303,311.1,1428,39.8,181
303.4,312.8,1590,36.3,113
298,308.8,1610,33.7,212
298.2,307.8,1355,59.4,115
297.2,308.6,1562,33,84
297.4,309.3,1775,25.8,91
297.9,309.1,1521,36.1,15
301.2,312.3,1528,38.4,85
299.9,311.4,1337,54.8,32
299,310.2,1564,39.9,97
296.4,307.1,1638,32.5,146
297,308.4,1305,54.6,168
302.8,312.4,1368,49.5,10
302.4,311.8,1557,31.5,49
299.1,310.3,1441,43.9,94
301.4,310.4,1388,45.3,188
301.5,310.6,1578,34.1,120
304.2,313.4,1740,23.7,86
302.6,310.4,1514,42.7,75
300.2,311.7,1555,37.4,169
297.6,308.5,1572,35.9,71
302.3,311.4,1571,32.7,17
297.8,309.9,1351,49,181
296,306.7,1917,21,127
298.2,308.4,1512,34.9,181
302.7,310.4,1305,55.2,20
298.9,308.5,1459,43.1,147
299.1,308.3,1533,42.4,48
303.7,312.3,1511,38.9,117
298,308.7,1392,53.4,104
299.1,310.2,1695,29.6,8
301.6,310.4,1330,49.5,30
298.9,308.2,2384,15,19
303.9,313,1433,48.4,178
300.2,311.7,1448,54.2,173
298,308.7,1494,42.6,96
301.5,310.6,1381,50.7,206
299.1,308.7,1498,38.9,181
301.8,310.8,1470,37.6,204
300.8,311.2,1397,48.7,111
299.9,309.4,1483,38.1,193
299.4,309.3,1401,59,38
302.7,310.5,1642,30.8,195
300.8,309.7,1519,39.7,16
300.4,311.6,1359,55.4,160
302.3,310.9,1558,31.9,207
301.7,311.1,1506,39.5,158
298.2,309.1,1539,36.5,134
301,310.9,1809,25.7,192
295.5,305.9,1380,52.4,202
298.5,309.5,1547,33.1,68
300.5,309.3,1470,40.8,219
296.9,307.8,1392,43.9,0
297.7,308.5,1559,35.2,127
304.1,313.3,1494,39,49
298.1,308.6,1439,44.9,205
299.1,310,1367,56.3,203
301.1,311,1565,52.3,183
299.1,310.1,1421,41.2,149
298.1,308.7,1671,28.8,41
298.1,307.6,2066,19.2,150
302.3,311.7,1494,37.1,114
301.6,310.4,1455,39,118
298.9,310.2,1654,31.1,158
303,311.2,1387,41.4,100
300,309.3,1887,22.6,120
297.7,308.9,1458,41.1,14
298.7,309.8,1394,40.3,11
299.3,308.9,1429,43,96
300.3,311.8,1508,43.1,57
301,311.2,1511,42.9,26
299.6,310.2,1620,30,70
298.9,308.3,1660,34.4,9
302.7,312,1828,24,63
300.6,310.2,1478,40.1,5
300.9,310.7,1477,43.2,143
302.7,312.2,1405,51.4,157
297.1,307.8,1454,50.6,94
297.5,308.5,1612,30,163
301.6,310.6,1924,23.6,181
299.5,310.1,1659,31.5,44
298.1,307.8,1606,33,130
299.3,308.8,1772,25.2,89
300,309.8,1372,39.6,105
297,307.9,1595,31.7,170
301.8,310.8,1576,38.6,38
298.6,309.4,1375,55.4,145
303.7,313.1,1423,41.2,124
300.7,310.8,1619,34.9,57
299.4,308.7,1446,62.9,134
298.6,309.1,1423,44.3,29
298.3,309.3,1376,57,198
298.5,309.4,1517,40.2,45
303.7,312.8,1627,31.7,40
302.9,312.5,1629,30.4,74
300.8,310.4,1288,64,3
299.8,309,1567,36.1,95
300.7,310.6,1778,27.1,215
302.6,311.5,1629,34.4,228
300.8,311.7,1578,31.4,219
299.1,308.3,1559,33.7,30
298.8,309.6,1516,40.2,152
298.8,310.1,1574,36.2,181
304.2,313.4,1434,42.5,175
298.9,310.1,1394,42.7,179
301.3,310.5,1481,39.7,85
298,308,1433,39.2,87
299.5,309.3,1972,19.3,177
299,310.3,1507,36.7,173
303.7,311.9,1332,52.7,66
302.4,310.3,1923,23.3,172
296.8,307.4,1455,49.9,102
299.1,308.9,1467,47.2,218
298.3,307.7,1602,33.4,106
298.9,308.9,1450,47.5,9
298.3,308.4,1486,44.2,196
300.7,309.6,1329,54.3,80
299.8,309.1,1355,56.7,7
300.4,311.5,1476,32.6,144
300,309.5,1506,38.8,87
300.6,311.7,1535,33.3,92
297.9,308.6,1757,27.5,118
299.9,309.8,1477,47.7,112
299.4,309,1391,58.2,135
300.2,311.6,1467,40.7,23
300.8,310.7,1386,42.1,170
300,309.7,1554,32,117
297.4,308.3,1502,43.6,169
302.1,310.6,1326,59.1,88
298.2,308.2,1407,47.1,153
296.2,307.2,1633,31.1,0
301.9,311.3,1522,35.6,63
300.7,310.7,1314,42.4,198
298.6,309.6,1533,40.7,106
297.7,307.2,1372,52.8,33
303.6,312,1827,23.3,103
300.7,309.6,1500,44.1,122
298.9,308.7,1433,44.7,108
297.1,308.3,1763,25.7,139
296.9,307.9,1547,32.6,79
302,311.1,1635,36,23
300.5,311.6,1528,42.4,163
298.3,310.1,1509,37.6,85
300.4,311.6,1200,76.6,3
296.6,307.4,1389,42.7,48
302.3,311,1609,31,190
304.4,313.6,1510,38.9,199
302.1,311.2,1454,46.8,0
299.7,309,1605,33,151
298.5,308.8,1332,59.1,115
303.9,313.2,1481,40,100
301.9,310.9,1486,40.3,6
301,312.1,1377,49.9,48
299.4,308.7,1681,30.8,171
297.6,307.2,1486,40.6,42
301.1,310.8,1274,55.7,169
303.8,312.5,1447,46.6,198
301.5,310.9,1318,50.6,11
302.2,310.9,1771,27.6,54
297.7,308.9,1530,39.1,108
299.9,309.2,1761,25.6,115
303.5,312.4,1481,43.7,20
299.5,309.3,1675,29.2,132
301.9,310.9,1616,34.5,46
298.9,308.3,1576,36.6,7
302.4,311.1,1448,44.8,195
297,307.7,1447,46.4,8
298,308.2,1395,49.1,206
300.7,310.1,1721,32.3,170
298.3,309.1,1472,40.1,31
298,308.7,1511,45.8,114
302.1,311.2,1460,46.9,198
298.3,307.9,1502,42,103
302,310.9,1495,38.6,52
301.5,310.8,1593,34.5,162
302.6,310.5,1596,32.8,193
300.5,310.8,1509,33,153
301.6,310.8,1548,34.2,143
296.2,307.2,1385,44,5
296.9,308.1,1483,44.3,219
297.4,308.8,1651,34.1,163
299.6,309.1,1641,35.8,81
299.7,310.3,1661,34.5,6
298.5,309.3,1761,27.2,49
298.5,309.2,1568,40.6,39
298.7,309.6,1800,24.8,78
301.3,310.4,1501,41.6,192
301.2,311,1567,35.1,64
303.3,311.8,1649,29.4,49
302.6,311.6,1453,37,135
301,310.9,1515,37.3,6
300,309.4,2010,20,55
298.6,310.2,1668,31.5,7
298.8,309.6,1613,27.7,143
300.9,312,1533,44,162
298.6,308.9,1327,58.8,9
302,309.7,1414,36.3,209
304,313.1,1466,39.5,83
300,311.3,1520,39.2,43
300.6,309.4,1541,35.2,105
297.7,308.2,1489,43,151
301.5,311.1,2076,18.7,103
303,312.3,1486,42.4,112
301.1,311.1,1592,35.7,174
301.3,310.4,1346,46.7,90
296.8,307.9,1409,44.3,145
300.2,311.4,1452,47.8,34
299.9,309.2,1598,34.6,111
300.5,311.4,1390,51.9,68
295.3,305.8,1589,36.2,184
298,308.6,1430,57,43
296.6,307.4,1504,45.8,58
300.5,309.8,1410,44.4,111
297.5,308.6,1380,53.5,192
298.3,309.3,1529,41.7,5
300.2,309.5,1356,51.1,133
299.8,311.3,1517,41.2,105
299.9,310.4,1419,45.7,178
300.3,311.8,1592,32.1,11
297.5,308.8,1603,36.7,184
303.4,311.8,1341,47,210
299,308.4,1535,47.5,163
299.6,310.9,1229,65.2,209
298.8,309.8,1461,39.4,141
295.9,306.6,1678,26.7,53
304.2,313.4,1568,37.6,25
298.8,309.7,1751,29.6,160
301.4,310.4,1433,43.4,86
299,310.4,1339,49.6,94
298.3,309,1471,48.3,91
300.7,311.1,2478,13.4,170
303,311.3,2194,16.5,148
300.2,311.6,1446,47.3,66
301.6,310.9,1419,50.2,51
300.4,311.8,1601,36.1,0
300.7,310.8,1689,28.9,100
298.2,308.8,1607,31.9,39
297.7,308.4,1487,41.4,84
298.3,310,1419,47.1,105
303.9,313.1,1491,37.2,195
298.4,309.1,1417,40.6,121
297.4,308.4,1343,40,61
297.7,308.4,1510,38.6,72
300.7,310.6,2006,19.1,102
297.4,309.3,1564,36,126
302.1,310.6,1421,52,95
299.7,310.6,1737,26.1,144
299,310.4,1504,34.3,48
296.7,307.7,1502,43.9,84
302.4,312,1477,39.7,18
300.6,310.7,1388,42.9,190
302.5,312,1579,35.7,167
302.9,312.2,1677,30.5,46
301.4,310.7,1675,30.7,92
300.2,309.5,1630,28.3,51
299.4,309.1,1464,40.5,215
303.3,312.5,1968,20.6,130
298.1,307.9,1517,40.8,50
297.4,308.4,1441,46.8,116
303.5,311.8,1944,23.5,159
300.3,311.7,1445,47.3,15
298.5,308.9,1500,40.3,207
299.2,310.4,1611,36.4,32
301.3,310.4,1501,39.8,187
297.2,307.9,1450,37.2,151
298.8,309.7,1450,43.1,63
297.6,308.7,1319,50.9,141
299.3,309.1,1571,38.3,59
297.5,308.7,1454,45,19
302.5,311.9,1497,41.6,123
298.8,310.1,1501,48.7,192
300.8,310.9,1457,47.7,82
301.8,310.5,1593,34.9,139
298.7,309.6,1254,57.1,124
297.8,307.8,1310,57.9,70
300.9,312.7,1416,43.8,112
298.6,309.2,1311,46.6,44
301.8,310.2,1609,34.2,217
298.4,309.5,1514,38.8,128
298.5,310,1492,41.2,19
298.6,309.9,1615,28.8,199
303.6,311.8,1736,32.9,99
301.3,310.6,1499,36.1,163
301.1,310.7,1367,43.4,111
299.4,309.1,1957,22.1,55
303,312.7,1426,46.8,99
302.3,311.7,1449,44.5,152
300.2,309.5,1434,51.5,189
303.1,311.2,1679,34.8,25
297.9,307.8,1451,38.2,80
297.7,308.2,2007,19.3,181
302.6,311.5,1599,37,211
304.1,313.4,1399,43.7,111
303.4,312.7,1363,45.5,26
298.5,308.3,1811,24.7,27
297.2,308.6,1500,37.1,161
300.8,310.3,1777,30.1,38
298.8,308.8,1445,49.9,4
302,310.9,1663,31.5,81
302.2,311.2,1873,24,99
300.2,310.1,1523,42.3,25
300,309.6,1364,45.9,16
299.8,309.7,1483,39.6,87
298.6,309,1481,40.8,6
302.6,310.5,1461,45.4,0
304.1,313.3,1452,43.9,182
300.1,309.6,1376,52.1,147
297.8,308.4,1512,39.9,181
301.7,310.5,1354,50,169
301,310.9,1428,45.3,47
300.6,311.8,1539,37,187
301.3,311.2,1438,42.4,7
300.4,309.9,1435,54.8,70
303,311.2,1382,50.5,203
298.8,309.9,1526,42.1,30
300.9,312,1500,44.2,188
302.3,311.1,1589,29.9,141
300.7,309.6,1403,51.3,174
298.2,310,1433,44.2,68
299,310.3,1520,45,171
301,311.4,1573,37.6,103
298.3,308.6,1432,49.5,91
301.1,310.7,1376,49.1,0
299.2,309,1881,23.9,137
299.3,309.1,1495,44,55
302.1,311.4,1446,39.7,95
302.2,311.5,1479,39.5,36
303.8,313.1,2497,13,5
298.6,309.4,2312,15.5,44
302.1,311.5,1866,23.1,159
302.3,311.7,1482,39,127
301.7,310.7,1542,40,188
303.4,311.7,1793,25.8,161
301,311.6,1301,55,9
300.8,311.7,1753,29,8
300.6,311.7,1427,44.6,87
298.9,310,1348,58.2,163
298.2,309.1,1457,49,77
298.8,310.1,1719,28.8,206
300.5,311.5,1487,43,78
298.7,309.9,1753,26.8,40
301.3,310.9,1509,41.7,16
298.1,309,1502,40.9,153
298.3,309.1,1395,49.8,133
298.1,308,1426,46,61
297.4,308.3,1472,45.5,2
301.5,310.7,1686,27.9,135
300.1,310.5,1329,57.4,99
302.2,310.6,1462,43.6,0
303.6,311.7,1491,39.8,92
299.7,309,1412,49.2,85
298.4,308.5,1827,24.3,153
297.6,309.2,1611,33.1,155
298.1,308.9,1367,41.9,113
300.7,311.3,1562,37.1,58
298.1,308.5,1665,29.6,20
300.6,312.1,1293,52.3,49
302.6,312.2,1377,45.5,54
303.1,311.2,1435,40.1,219
303.9,312.7,1789,24.4,163
298.1,308.7,1315,56.8,59
303.9,312.9,1526,42.5,194
298.3,309.6,1420,44.1,197
298.1,307.8,1636,36.7,51
301.1,310.8,1724,27.5,101
300.9,312.6,1555,40.6,109
300.1,311.6,1433,51.4,76
298.8,309.8,1334,49.3,42
304,313.2,1314,47.1,144
300.5,311.8,1331,55.3,167
301.4,310.5,1495,52.5,201
297.3,308.5,1524,49.3,176
298.2,308.7,1408,40,9
297.5,308.9,1469,44,185
301.4,310.6,2137,18,99
299.6,310.2,1588,34.1,38
296.2,307.3,1451,42.8,11
302.2,311.6,1592,37.7,79
301.6,309.9,1440,43.4,100
298.1,307.7,1650,34.1,138
297.6,308.3,1658,34.3,59
299.2,308.6,1367,47.6,168
301.5,310.8,1500,41,118
298.5,308,1363,49.2,149
303.8,312.6,1565,36,179
302.2,311.3,1758,26.4,4
299.5,310.8,1447,41,93
298.4,308,1515,42.8,125
297.5,308.1,1480,42.4,112
298,308.9,1390,53.9,88
301.1,311.1,1387,53.1,188
298.6,309.4,1464,36.9,179
300.9,310.9,1995,20.2,105
298.8,308.6,1511,36.1,157
301.2,311.6,1461,52.9,208
300,311.4,1533,42.6,180
301.4,310.9,1440,45.4,177
297.6,308.6,1585,42,90
299,310.1,1618,29.2,62
300.1,311.4,1617,39.3,47
298,307.6,1581,43.4,113
300.9,310.4,1615,30.9,200
302.9,311,1820,24.6,128
300.2,309.4,1459,43.9,39
298.1,307.7,1523,37.7,80
301.1,310.1,1540,36.6,28
298.5,309.8,1468,40.9,157
298.1,308.7,1556,31.6,145
297.1,308.5,1483,46.9,203
298.9,308.7,1772,28.4,177
297.1,308.4,1468,44.4,197
297.5,308.3,1674,30,54
296.9,308,1713,29.3,13
296.7,307.7,1927,23.9,112
298.7,308.4,1430,49.6,135
300.1,311.4,1485,40.4,75
298.8,309.7,1480,38.1,157
299.3,309,1420,41.6,155
302.6,312,1674,32.2,70
297.8,308.5,1561,46.3,194
300.2,310.2,1429,43.8,54
297,307.8,1683,32.3,197
297,307.7,1315,60.1,128
300.6,311.1,1471,40.7,26
300.4,310,1560,42.3,186
301,312.2,1499,41.5,140
300.2,309.2,1667,29.9,75
302.2,311.4,1625,35.4,70
299.2,308.5,1594,35.8,160
298.2,308.7,1599,36.2,28
304,313.1,1472,45.5,166
299.7,310.9,1384,48.2,188
299.2,310.6,1498,41.1,88
300.1,309.1,1400,46.7,77
298.7,309.8,1589,31.8,217
298.2,308.8,1666,31.5,30
303.7,312.7,1335,51.1,161
300.1,311.1,1619,33.4,186
298.1,307.7,1664,27.6,145
303.8,312.7,1414,41.7,190
301.7,309.9,1607,37.7,93
298.5,309.3,1692,26.7,118
301.1,310.2,1455,55.3,9
300.6,309.6,1409,42.4,57
299.7,309.1,1603,38.5,170
299.4,309.2,1433,42.1,22
299.6,310.8,1507,42.4,108
300,309.1,1882,23.8,84
300.6,310,1478,36.3,95
300.2,309.4,1433,48.8,191
297.7,309,1636,29.7,32
301.4,309.9,1460,47.2,22
300.3,309.6,1435,45.4,181
299.1,308.3,1325,46.9,28
301.8,309.7,1598,30.4,124
303.3,311.6,1301,45.1,219
299,310.2,1412,44.1,246
302.5,311.9,1340,59.4,60
302.6,310.2,1563,39,97
297.4,308.7,1582,31.9,161
299,308.8,1382,58.5,199
302.2,310.6,1632,30.5,122
300.1,309.4,1568,39.7,42
297.3,307.8,1385,44.4,169
301.8,310.6,1372,54.7,95
303.6,312.7,1699,31.5,105
296.8,307.6,1338,44.4,128
302.2,310.1,1458,45.1,15
300,310.1,1314,53.5,199
297.5,308.1,1907,23.5,125
302.3,311.9,1508,42.3,159
297.9,307.9,1426,43.6,89
297.2,308.3,1379,52.1,21
303.5,311.5,1629,33.5,73
304,313.2,1416,46,128
303,311.3,1466,43,210
298.4,308.2,1463,37.6,188
299.9,310.1,1681,29.1,197
299.3,309,1496,43.4,67
298.4,309.1,1423,48,135
301.5,310.5,1453,44.2,129
299.1,310.4,1550,43.9,79
302.5,311.2,1227,60.1,167
297.1,308.3,1773,23.8,169
302.4,310.2,1392,55.8,143
301.6,310.9,1632,31.6,189
298.3,309.3,1337,56.1,206
301.7,311,1298,58.1,168
300.3,311.6,1560,37.7,107
298.4,309.6,1477,35.6,101
299.9,310.4,1408,38.4,144
298.4,308.9,1496,37.9,194
301.7,310.8,1594,32.4,204
301.8,310.8,1736,26.5,56
302.3,311.3,1625,33.1,137
300.7,310.2,1642,32.6,26
298.2,307.8,1411,53.4,110
304.2,313.4,1475,40.2,98
298.8,308.8,1991,20.7,59
300.8,310.4,1368,46.8,21
295.9,306.4,1892,21.7,72
302,310,1449,48.8,181
300.8,311.2,1488,40.1,87
304.1,313.2,1366,46.6,35
302.6,310.2,1923,21.5,18
299.2,308.7,1492,37.8,91
297.7,308.1,1734,30.7,177
297.2,307.9,1687,30.4,82
300,309.5,1675,30.2,11
300.2,309.5,1500,45.7,89
299.4,309.2,1427,41.5,29
297.8,309.7,1547,37.3,25
297.6,309,1354,55.6,46
302.2,310.1,1368,51.6,12
302.8,312.4,1376,57.1,8
298.6,310,1681,35.5,44
298.8,309.3,1618,35.1,173
297.5,309.4,1678,34.4,148
301.3,310.1,1469,39.7,179
300,309.7,1586,37.8,103
299.2,310.4,1472,43.3,32
297.6,308.6,1383,47.5,75
297.5,308.8,1417,49.8,177
297.1,308.4,1529,40.4,165
295.8,306.6,1480,43.2,92
301,310.5,1932,21.7,79
304.3,313.5,1464,36.7,194
303.5,312.5,1380,46.1,166
300.6,309.4,1691,28,36
302,310.1,1361,45.4,174
301.4,310.4,1496,35.2,153
298.5,310.2,1676,32.7,18
302.2,311.9,1597,35.8,160
300.8,310.5,1482,39,47
298.9,308.2,1828,23.8,26
302.5,311.1,1638,32,198
303,312.6,1392,42.9,94
302.1,310.1,1753,28.9,176
298.3,309.4,1631,29.8,0
298.1,308.4,1436,46.7,103
297.2,308.6,1413,49.8,12
301.3,310.7,1819,25.5,46
298.4,308.6,1527,40.9,96
298.6,309.3,1537,37.6,175
296.9,308,1641,33.3,67
301.3,311.2,1457,44.5,14
302.4,311.9,1290,70,139
298.8,308.5,1444,42.2,83
298.2,308.3,1688,32,202
298.4,309.4,1540,43.2,141
301.7,310.6,1492,42.2,85
302.8,310.6,1470,41.1,205
297.4,308.5,1761,27.2,76
298.8,309.9,1739,30.6,83
298,309.6,1633,34.8,41
300.6,309.9,1428,48.8,109
295.6,306.2,1443,48.9,33
296.2,306.9,1516,39.1,138
301.4,310.7,1428,53.7,176
300.3,310.3,1345,46.3,50
300.6,310.7,1654,32,180
298.3,307.8,1906,22.1,104
297.4,308.6,1420,45.8,120
298.8,310,1529,38.5,77
296.4,307.4,1416,50,210
302.4,310.9,1349,46.1,148
299.6,308.9,1568,35.3,77
300.4,310.2,1431,43.2,0
301,310.4,1793,25,142
300.3,311.9,1677,30.8,48
298.2,308.7,1408,46.3,3
299,310,1458,44.9,221
298.3,308.6,1589,37.1,137
297.5,309.3,1525,41.7,235
300,309.6,1738,28.7,51
304.2,313.4,1457,49.4,96
298.2,309.1,1350,52,136
301.9,310.9,1483,37,35
299.3,308.4,1542,37.5,203
300.1,311.5,1454,52.4,90
301.1,310,1433,48.1,14
299.8,310.4,1694,30.3,204
297.3,308.3,1697,27.4,121
298.8,309.1,1477,42.4,158
302.9,312.4,1698,33.8,202
298,309.2,1378,49.7,94
297.5,308.9,1581,30.4,155
297.3,308.3,1501,38.2,2
300.7,309.8,1363,53.1,183
297.4,308.8,1640,34.2,142
301.4,310.4,1737,31.9,96
300,309.5,1781,24.9,70
297.1,308.4,1359,46.6,176
297.7,309.1,1732,28.1,167
299.1,308.8,1429,50.1,84
296.6,307.5,1566,35,201
297.5,308.4,1633,33.3,213
300.8,310.7,1924,22.4,36
298.7,308.4,1432,42.8,197
299.8,310,1361,53.8,167
298.8,309.8,1634,33.6,27
299.8,309.1,1496,44.4,155
300.1,309.2,1732,33.7,218
298.1,309.4,1362,47.6,70
300.6,309.6,1411,41.6,140
300.5,309.8,1416,48.5,110
301.9,310.5,1425,51.1,173
301.3,310.7,1536,39.3,31
297.5,308.9,1696,30.9,133
303.8,313,1427,43,0
300.1,311.3,1535,42.3,92
302.3,311.8,1475,42.8,38
298.1,307.6,1565,36.3,140
300.7,310.6,1474,37,33
302.4,311.4,1534,40.1,41
299.7,310.9,1491,40.1,195
302.3,311.7,1535,38.3,5
300.7,312.2,1335,49,62
297.5,308.5,1373,39.9,110
299.6,310.7,1922,23.3,205
300.7,311.2,1486,46.8,56
299.1,310.3,1459,46.7,84
301.8,310.2,2825,5.8,215
300.8,310.6,1577,37.9,227
301.1,310.5,1309,60.7,100
298,309,1393,55.9,79
300.3,309.8,1523,39.2,24
298.1,307.5,1391,57.4,161
299.5,309.4,1563,41.5,183
300.8,310.6,1465,44.1,136
296.8,307.7,1565,40.1,89
300.6,312,1670,29.4,134
297.3,308.3,1301,39.6,5
298,307.6,1420,45.8,150
298.6,309.2,1742,30,37
301.1,311.2,1564,37,165
298.6,308.2,1361,68.2,172
301.4,310.3,1492,41.4,195
301,310.9,1473,44.2,116
301.7,310.5,1625,35.9,121
302.5,310.3,1710,27.3,186
301.6,309.9,1423,53.6,95
298.8,309.7,2098,19,133
302.9,311.2,2102,17.8,91
303.1,311.3,1336,52.6,172
296.9,307.9,1359,56.5,110
298.1,309.4,1397,48.2,63
304,313.1,1694,31.4,116
303.6,311.8,1614,33.2,155
301.5,310.9,1365,46.5,172
301.4,311,1334,53.3,157
297.5,308.6,1621,28.9,0
301,311.5,1550,34.9,162
302.3,311.7,1341,46.3,194
297.8,309,1434,43.3,96
301.7,310.6,1743,26.2,71
297.8,309.2,1372,47.3,15
302.2,311.2,1377,43,91
298.7,309.7,1547,37.4,0
303.4,311.9,1491,38.2,26
297.3,308.1,1458,45.7,202
300.8,310.9,1311,55.8,118
300.4,311.8,1320,57.9,168
300.3,311.7,1989,22.3,121
299.8,311.1,1300,64.2,165
302.2,311.5,1449,44.5,113
300.6,310.4,1446,49.7,155
298.8,308.9,1461,47.9,206
299.8,310.6,1423,44.6,116
299.2,308.6,1462,55,163
304.2,313.4,1482,41.4,32
299.6,309.1,2266,15.3,79
297.4,308.7,1545,36.9,125
302.2,310.8,1356,48.3,36
299,310.1,1593,35.4,5
301,312.2,1540,34.1,113
300.2,311.5,1639,31.1,31
298.9,309.8,1396,49,13
303.7,312.8,1448,44.5,55
302.2,311.3,1378,55.5,35
299.8,311.1,1588,38,183
297.5,309.4,1803,24.7,98
303.2,311.4,1238,54.6,226
301.3,310.3,1626,31.3,180
301.3,311.1,1581,30.9,31
298.4,308.1,1491,50,156
300.2,310.2,1628,30.3,27
300.5,311.9,1750,28.3,207
296.3,307.4,1648,34,60
298.8,310.5,1294,55.8,202
299.2,310.5,1391,45.8,38
302,310.5,1459,43.2,148
298.5,308.3,1334,49.8,186
300.5,312,1415,44.6,23
298.5,309.4,1417,41.2,155
301.4,310.6,1464,48.6,96
299.3,309.1,1600,35.3,52
298.9,308.5,1467,44.7,136
298.2,308.8,1498,36,39
298.9,310.1,1555,40.6,176
295.7,306.3,1347,50.4,46
298.9,310.2,1623,37.2,177
298.2,308.7,1520,35.7,40
298,308.1,1403,44.8,148
299.2,308.4,1330,51.2,56
300,311.1,1425,47.8,179
297.6,309.5,1924,20.6,37
302,310.9,1546,34.4,7
300.2,311.4,1427,39.7,196
300.8,312.3,1535,40.3,71
298.3,309.2,1562,37.6,137
295.6,306.2,1612,31.2,131
301.9,310.8,1519,39,90
297.4,308.7,1638,31.9,131
296.6,307.5,1557,35.1,60
300.6,310.5,1509,43.1,31
299.5,310.7,1438,45.7,106
302.4,310.1,1429,43.7,104
299.8,310,1397,48.1,164
298.4,308.4,1479,39.2,58
298.2,309,1353,57.8,89
296.7,307.9,1874,21.3,130
300.5,310.6,1540,46.7,206
302.4,311,1610,33.1,161
299.1,308.8,1491,41,209
301.9,311,1669,32.2,191
295.8,306.5,1505,35.2,86
302.4,311.8,1644,37.2,195
301.8,311.1,1495,36.9,197
301,311,1640,37.6,118
302.3,311.2,1786,24.3,81
297.9,307.4,1610,34.6,219
297.3,308.3,1309,61.5,56
303.4,311.4,1606,29.6,122
301.3,310.8,1494,35.3,54
300.1,309.4,1569,31.6,124
303.2,312.6,1601,35.3,148
299,310.3,1447,39.9,78
299.5,310.9,1577,34.6,159
301.7,311,1311,46.8,136
300.5,311,1759,28.3,13
300.4,310.4,1486,46.3,48
297.4,308.1,1734,27.7,70
300.5,309.8,1379,54.2,207
301.3,310.9,2165,17.4,143
300.5,310.3,1683,31.5,8
302.3,311.5,1316,47.2,4
301.5,310.4,1270,54.2,26
300.2,310.4,1530,35.7,80
301.6,311.1,1907,21.5,102
302,310.8,1454,36.6,0
297.9,307.4,1606,35.5,14
301.5,310.6,1394,46.5,206
297.3,308.3,1935,19.3,24
302.4,310.3,1900,24.4,113
302.1,311.2,1492,45,162
301.4,310.6,1459,46.9,27
300.6,310.8,1533,38.5,117
300,309,1368,45.8,81
302.6,312.2,1695,27.1,32
300.8,310.8,1689,32.9,151
299.1,308.5,1415,43.4,0
299.3,309,1732,29.7,141
298.4,308.3,1422,42.7,186
297.2,308.5,1446,43.7,171
301.3,310.6,1451,47.5,42
300.8,310.3,1270,61,54
298.4,309.6,1655,30.2,146
300.6,310.6,1508,34.8,62
302.4,310.9,1469,41.6,124
299.3,308.6,1520,33.7,76
300,311.2,1629,31.7,62
302,311.3,1567,41.1,26
296.8,308,1510,39.4,29
298.3,308.9,1695,30.7,174
299.6,310.9,1474,39.7,64
297.8,308.8,1621,36.1,68
300.5,309.7,1395,61,157
297.5,308.5,1448,54.3,83
300,309.6,1423,48.7,67
296.7,307.4,1535,34.6,114
304.2,313.4,1411,54.8,44
300.2,311.4,1891,22.6,86
300.1,311.2,1452,42.4,190
300.7,310.9,1637,37.2,115
302.7,312.2,1376,52.8,164
302.2,310.7,1769,24.9,91
300.5,312,1382,54.1,27
302.9,311,1402,40.7,52
299.3,309,1491,38.4,115
298,307.8,1483,50.9,26
298.5,309,1531,30.8,212
301.2,310.8,1479,41.2,155
298.6,309.4,1667,35.6,185
300.4,310.6,1429,46.9,19
298,308.7,1479,58.5,176
296.9,308.1,1741,28.8,60
303.5,312.7,1694,27.3,40
299.3,309.3,1528,37.8,45
301,309.7,1288,58.4,162
301,311.6,1448,43.9,145
301.6,310.7,1791,23.8,81
304,313.3,1415,52.8,82
302.2,311.3,1530,37.3,207
298.4,309.1,1525,39.3,86
296.6,307.4,1406,41.5,189
299.7,309.2,1326,64.8,71
296.6,307.3,1474,40,158
298.5,309.6,1419,41.5,105
300.8,311.9,1486,45.1,30
300.6,309.9,1449,42.4,169
302.2,311.1,1628,30.6,105
297.7,307.3,1365,49.2,36
302.8,312.1,1418,51.4,54
297.8,307.9,1600,33.5,13
301.8,310.3,1688,28.8,31
300.3,311.8,1607,33.7,199
303.1,312.3,1623,31.6,101
295.5,305.9,1593,37.2,197
299,310.1,1432,50,45
300.7,310.2,1877,24.8,64
300.9,310.5,1599,40.5,57
302,310.8,1615,29,235
297.5,308.5,1691,33.1,9
298,309.2,1731,28.7,38
300.7,310.9,1723,31,73
299.1,310,1431,49.5,205
303.3,311.6,1337,56.8,187
298.7,309.9,1465,39.7,72
300.2,309.6,1528,35.1,44
299.6,309.4,1283,62.1,83
300.7,309.6,1925,20.5,9
301.8,311.5,1416,49,136
299.3,310.5,1281,59.8,15
298.3,307.7,1439,43.8,111
300.6,311.9,1425,44.9,224
302.9,311.2,1330,53.7,200
298.5,308.2,1563,44.6,163
298.9,309.8,1392,43.1,218
297.6,308.1,1437,46.3,149
300.1,309.6,1565,34.8,32
300.3,310.3,1362,60.3,206
300.8,310.8,1741,27.1,39
302.2,311.5,1427,43.8,88
301.5,310.4,1329,46.6,24
300.5,311.9,1432,43.1,16
299.5,310.7,1424,41.3,101
296.3,307.4,1472,39.9,51
295.9,306.4,1575,28.5,74
299.2,308.5,1370,52.4,61
297.9,307.6,1977,20.2,182
303.9,313,1403,48.3,10
298.2,308.7,1426,42.6,23
303.2,312.5,1518,39.9,146
301.8,310.9,1449,36.5,33
300,310.4,1505,44.9,133
297.7,309.2,1391,44.5,159
300.2,309.4,1752,27.8,208
302,310.6,1467,44.9,86
297.7,308.9,1838,27.3,99
297.4,309.1,1478,49.8,150
300.6,309.5,1557,33.8,84
297.4,309.4,1296,52.3,96
299.9,311.3,1647,27.5,26
302.5,311.5,1700,29.5,133
299.8,309.7,1707,29.1,94
298.2,309.2,1332,60.2,147
300.7,310.8,1469,46.4,75
300.5,309.7,1389,43.3,9
301,309.5,1430,48.5,122
297.2,308.6,1486,46.6,98
298.1,308.5,1392,44.8,111
300.6,310.2,1489,47.8,21
298.9,310,1470,45.9,109
302.3,311,1526,37.7,171
298.5,309.4,1548,37.7,43
300,311.2,1393,43.1,45
298.9,310,1564,33.8,183
299.5,309.3,1442,46.2,5
300.5,310.7,1606,33.5,121
300.9,311.5,1505,41.1,129
297.4,308.3,1706,30.9,9
298.5,309.4,1521,37.5,94
301.5,310.6,1962,20.2,124
302.1,311.4,1889,22.7,194
300.4,311.1,1589,35.5,191
298.1,308.2,1654,35.3,155
300.7,309.6,1473,48.1,87
298.9,309.7,1407,41.9,207
300.9,310.7,1656,30.7,200
303,312.5,1698,30,89
298.2,308.3,1805,31.6,96
300.9,310.7,1517,41.7,210
298.6,310.2,1569,36.3,10
302.5,310.2,1716,29.9,156
302,310.6,1392,50,84
298.1,308.7,1642,30.3,3
301.5,310.5,1644,34.9,186
301.1,311.6,1417,53.4,0
297.5,309.5,1553,42.4,60
298.2,309,1694,28,5
303.6,311.7,1476,40.1,85
298.4,309.3,1531,37.4,16
298.7,310.1,1786,27.7,114
297.7,309,1656,33.2,20
302.4,311.1,1446,42.9,5
297.5,308.5,1530,38.5,93
298.4,309.5,1520,38.1,106
297.2,308.6,1366,50.4,74
302,310.1,1409,50.4,172
301.3,310.6,1378,49.4,173
302.3,310.9,1742,29.7,137
297,308.1,1455,43.5,122
300.8,311.6,1516,35.6,14
304,313,2012,21.1,115
303.7,312.7,1316,51.8,197
298.4,309.2,1345,52.7,196
299.3,308.7,1579,36.3,211
297.9,307.7,1546,37.6,72
297.1,307.8,1477,36.6,177
301.9,310.7,1472,47,73
298.9,309.6,1472,46,199
302.1,311.5,1635,31.6,23
300.7,311.7,1412,49.1,219
302.2,310.7,1601,33,166
299.1,310.4,1594,33.3,147
298.5,309.5,1561,34.8,35
302.2,311.2,1649,33.2,9
297.4,309.4,1539,42.2,134
303.8,312.5,1655,28,170
301.9,310.4,1610,34.8,71
296.4,307.5,1684,31.4,72
298,307.5,1618,35.2,31
297.4,308.3,1801,26.9,11
297.2,308.7,1463,49.9,146
301.9,310.8,1525,43.2,62
300.4,311.9,1868,21.3,92
299.8,309.1,1268,58,90
299.4,309.1,1352,44.7,172
302.6,310.5,1511,37.2,197
298.2,307.6,1460,48.6,204
300.6,309.5,1516,39,142
300.1,309.2,1421,42.5,61
299,310.2,1377,62.5,92
300.6,311,1401,54.6,94
302.3,311.4,1500,40.2,30
298.9,309.2,1379,50.7,106
301.7,310.1,1462,38.3,49
300.9,311.3,1603,31.8,190
298.2,308.2,1469,43,88
302,310.5,1573,32.1,143
302.4,311.7,1495,36.8,215
302,310.9,1564,39,15
299.5,310,1388,52.4,94
297.6,308.3,1424,53.9,132
301.7,310.1,1402,50.1,3
303,311.2,1460,43.9,103
299.3,309.1,1703,31.3,120
301,310.8,1475,35.3,19
300.7,311.6,1348,62.5,36
297.3,308.6,1446,50.1,144
298.3,308,1486,42.3,86
300.7,311.7,2097,18.9,232
298.8,310,1672,30.4,150
298.8,308.2,1450,44.7,14
300.4,311.1,1487,37.4,162
299.2,308.9,1573,37.4,212
297.9,307.3,1663,28.7,7
297.9,307.6,1430,52.4,178
298.2,308,1658,30,3
298.2,308.9,1414,44.3,68
300.2,311.5,1500,40.8,17
300.8,310.3,1458,43.4,0
302.3,311.3,1652,32.8,108
298.1,307.6,1950,20.3,202
298.9,310,1378,49.3,18
302.2,311.6,1534,37.2,41
300,309.6,1694,28.7,94
297.3,308.3,1484,43.9,13
300.5,311.5,1378,48.2,82
300.7,311.7,1701,30.8,44
300.2,309.8,1398,54.8,39
297.4,308.7,1481,48,117
298.2,308.9,1605,32,79
300.5,309.8,1367,54,129
297.5,308.4,1403,44.3,25
296.8,308.1,1356,48.3,201
303.6,311.8,1432,42.5,150
297.8,308.4,1374,47.1,150
298.2,307.5,1470,51.3,180
299.8,309.2,1678,29.8,202
299,310,1341,58.9,126
298.9,310.1,1495,42.9,175
303.8,312.6,1768,23.9,149
300,309.7,1326,61.9,80
302.4,311.1,1366,54.4,0
303.9,313.2,1570,40.7,74
301.4,310.9,1489,38.9,179
299.8,309.4,2256,15.9,201
298.9,309.6,1567,34.5,204
300.7,310.8,1479,49.1,71
301.7,310.1,1644,34.6,5
295.9,306.6,1414,50.2,51
301.7,310.5,1388,50.5,176
302.9,312.2,1340,57.8,90
301,310.9,1570,34,192
302.1,310.1,1543,35.8,164
298.2,309.7,1585,37.4,118
303,311.2,1341,51,174
299.7,311.1,1690,30.6,148
300.7,309.5,1251,59.9,120
300.3,311.1,1477,44.2,166
302.2,310.8,1340,47.8,54
298.4,307.9,1743,27.3,134
302.7,312.2,1336,46.8,179
302.8,312.3,1483,47.2,223
299.9,309.2,1353,49.8,182
301.2,310,1618,37.6,32
298.3,309.1,1904,20.3,140
299.8,309.2,1435,42.6,111
303.7,312,2663,11.4,71
300.8,312.4,1767,25.6,105
295.5,306,1621,29.5,176
298.9,309.9,1404,41.4,20
298.9,308.9,1750,29.9,50
301.8,309.8,1546,39.8,121
295.8,306.4,1339,53.2,67
298.9,309.8,1287,61.9,216
300.8,312.6,1422,50,117
300.7,311.1,2437,13.8,163
300.9,310.4,1454,43.1,43
298.1,307.7,1705,29.1,109
301.1,310.5,1529,38.7,91
298.4,309,1544,38.8,97
302.6,311.7,1254,54.1,19
303.5,312.3,1681,29.8,25
301.1,310.5,1324,52.4,171
300.7,311.7,1395,43.7,215
301.7,310.6,1303,59.7,42
298.4,308.2,1618,33,61
297.2,307.9,1989,20.3,186
300.7,310.5,1357,52.6,199
295.6,306.3,1509,35.8,60
298.1,309.1,1448,52.5,150
297.4,308.6,1469,42.6,80
299.6,310.6,1633,34.2,151
302.2,311.2,1630,36,169
298.8,309.6,1442,50,104
296.9,308.1,1440,46.3,64
300.5,312,1779,27.7,46
297.6,309.6,1501,49.8,222
297.1,308.3,1403,54.1,179
298.7,309.9,1404,47.1,64
302.6,311,1620,36.2,139
300.9,310.9,1636,35.3,153
296.2,306.8,1389,53.3,132
300.4,311,1802,26,197
298.8,308.6,1500,37.1,210
301.7,309.9,1524,46.6,104
298.1,307.6,1460,46.5,143
297.4,308,1423,38,154
298.5,309.4,1911,21.5,164
299.6,311,1714,30.2,128
301.4,311.1,1800,26,135
298.6,309.1,1537,35.7,198
300.8,310.3,1457,46.8,182
303.7,312.9,1532,41.3,32
300.7,310.8,1597,30.5,38
303,311.1,1597,36.7,191
301.5,310.6,1573,37.4,37
302.1,311.4,1391,49.2,52
298.9,309.9,1449,44.1,112
302.9,312.4,1421,46,206
301.9,311.4,1465,39.9,153
300.2,311,1255,71.8,149
304.3,313.5,1452,41.5,15
299.1,309.4,1811,24.6,77
299.8,310.8,1409,51.9,154
300.7,310.3,1458,40,207
299.3,309,1734,30.6,154
299.8,309.7,1556,37.7,124
301,311.5,1530,43.9,165
300.7,310.7,1450,43.4,80
297.1,307.8,1538,34.3,181
297.4,309,1505,39.2,209
301.1,311.2,1384,49.4,48
298.4,309.4,1429,41.8,203
304,312.9,1363,62.5,200
298.2,308.4,1452,43.5,158
302.1,310.9,1477,41.4,184
299,310,1582,31.9,51
298,308.1,1339,51.6,197
300.4,309.3,1413,50.3,101
301.7,310.9,1435,48,66
301.9,309.6,1446,43.2,225
300.9,310.8,1493,45.8,57
300.2,310.4,1202,61.7,74
303.2,311.5,1544,42.5,227
301.2,311,1761,29.1,195
302.3,311.6,1784,26.4,79
301,310.9,1554,32.7,59
298.5,309.1,2051,19,184
299.8,311.3,1727,30,24
300.3,311.7,1635,31.8,156
302.4,311.2,1450,47.9,154
303,312.4,1627,37.1,168
303.9,313.3,1507,34.3,161
297.8,307.3,1438,44.5,3
299,309.8,2240,15.9,144
298.1,307.9,1446,42.8,121
298.1,308.2,1654,32.1,25
301.5,310.9,1891,23.2,122
300.6,311.1,1452,40.2,28
300,309.4,1498,38.5,37
301.4,310.7,1368,63.7,92
301.7,311.2,1418,38,166
303.5,313,1393,51.6,80
299.1,308.3,1521,36.5,40
300.6,309.5,1867,23,242
300.9,310.7,1359,46,151
298.8,310.6,1602,39.1,211
304.2,313.6,1424,43.7,151
302.4,310.2,1633,28,164
300.2,311.4,1425,44.2,84
300.8,309.7,1481,38.1,153
300.2,311.4,1433,37.9,36
297.1,307.9,1420,39.8,192
300.3,310.4,1672,29.2,39
300.9,310.4,1544,36,148
302,310.5,1823,25.1,87
303.8,312.8,1503,40,154
299.9,309.3,1471,41.8,109
304.1,313.5,1470,45.8,85
298.9,308.7,1356,50.7,185
300.8,311,1580,36.6,109
299,308.6,1661,32.2,106
299.8,309.2,1591,37.5,109
301.1,312.2,1491,42.6,52
301.9,310.4,1373,48,73
298.5,309.2,1721,29.4,170
297.1,308.5,1555,36.2,0
299.1,310,1437,41.1,192
298.1,307.9,1614,35.8,196
300.6,309.5,1471,49.6,29
298.7,308.5,1420,45.7,143
300,309.7,1652,28.6,112
297.1,307.9,1609,38.9,166
303,311.2,1614,35.7,207
300.7,311.1,1324,52.2,85
300.1,311.1,1616,35.2,183
301.8,310.8,1619,31,76
299.3,309.1,1399,52.1,27
299.1,310.5,1437,43.1,40
303.6,312.9,1588,31.9,53
298.9,310.2,1498,50.2,160
297.4,308.7,1429,57.4,96
302.1,311.4,1467,43.4,33
301.4,311.1,1445,41.4,144
300.4,309.6,1386,56.9,170
298.7,310.2,1525,43.7,34
296.7,308.1,1450,40.9,195
301.4,310.9,1414,38.8,162
304,313.1,1404,47.1,90
303.7,312.2,1619,34.9,92
298.8,310,1295,52.7,74
297.9,309.1,1507,36.9,13
302.3,311,1421,41.3,182
298.1,307.9,1463,47.3,206
300.7,310.5,1536,47.4,192
298.5,308.3,1458,44,44
296.9,308,1430,55.9,71
299.9,309.6,1410,51.2,98
300.3,311.6,1312,53.4,151
299,309.1,1394,45.1,179
302.2,311.3,1931,21.9,101
301.5,310.9,1469,44.7,164
298,308.7,1771,26.2,206
299,308.2,1358,42.7,50
299.4,310.7,1551,41.2,3
302.1,310.7,1465,40.7,13
301.4,311,1634,32.6,155
300.6,309.4,1556,36,98
300.1,309.7,1410,48.3,118
298.5,309.6,1364,58.7,123
298,308.4,1911,22,13
301,311.2,1602,32.7,19
297.7,308.2,1334,53,156
303.6,312.7,1403,46.2,57
295.6,306.2,1428,44.5,51
300.2,311.7,1493,48.3,167
296.3,307.1,1419,48.6,142
302,310.5,1809,27.1,175
298,308.2,1514,37.9,9
299.2,308.8,1405,51.4,183
300.2,311.4,1568,41,32
300.4,309.6,1379,54.5,122
301.3,310.3,1313,55.6,127
299.5,310,1502,38.5,52
302.5,310.2,1329,50.6,148
297.4,308.6,1459,41.3,196
302.1,310.7,1364,47.8,213
300.5,310,1580,37,181
301,311,1423,38.6,199
297.5,308.1,1334,72,151
298.7,309.8,1322,57,140
300.2,309.5,1495,32.6,49
299.2,308.8,1908,21.3,104
300.9,311.3,1295,58.9,77
300.7,310.3,1471,40.2,59
301.8,310.2,1457,40.4,213
298.6,309.8,1469,42.8,205
299.5,309.3,1382,61,140
301.6,310.2,1411,45.1,54
302.8,310.6,1404,43.2,203
300.2,309.4,1526,35.3,46
300.3,309.5,1665,31.4,32
298.3,308.3,1379,48,181
299,308.7,1583,32.5,25
302.3,311.2,1758,24.4,68
296.7,307.7,1524,36.8,82
301.4,310.4,1553,44.7,173
303.5,311.7,1959,22.3,157
300.4,311.7,1373,47.2,3
300.5,309.3,1589,34.9,91
302.4,310.2,1578,31.2,139
299.9,311.3,1429,58.2,103
298.3,308,1578,37.8,101
300.7,312.1,1512,36.9,153
301.3,310.4,1384,50.1,88
302.1,310.9,1916,23.1,51
297.2,308.4,1378,41.9,97
300.7,311.8,1441,38.1,34
296.7,307.8,1672,32.4,113
302.2,311.2,1347,49.8,94
298.9,309,1601,32.3,202
299,308.7,1892,22.8,96
298.5,308.1,1501,39.2,127
302.5,311.9,1265,59.8,119
299,310.1,1623,33,210
301.1,311.3,1909,22.7,38
301.4,310.3,1610,29.1,166
297.8,307.5,1391,48.6,109
300.5,311.6,1456,51.1,193
301.5,310.4,1425,54.4,7
302.7,311.1,1730,28.1,135
295.4,305.9,1518,40.6,178
303.6,312.4,1418,46,128
300.4,309.8,1513,32.9,117
298.1,308,1543,41.9,73
298,308.1,1877,24.3,0
299.7,309.6,1419,45.1,170
298.7,309.7,1667,30.4,92
297.3,308.5,1528,44.5,140
303.1,311.3,2056,19.7,167
303.6,312.8,1710,27.2,14
298.1,309,1787,27.6,47
303.5,312.8,1375,45.7,89
299.8,309.4,1630,32.4,53
301.5,310.6,2432,14.2,126
300.8,310.5,1559,40.1,220
298.9,308.5,1559,34.3,126
300.5,311.2,1397,45.2,2
300.9,310.7,1523,35.8,205
298.2,308.6,1353,54.1,38
299.3,310.4,1365,53.9,171
301.8,310.3,1666,32.7,19
297.5,308.6,1513,39.7,32
302.2,310.9,1604,40.5,68
299.8,309.4,1609,32.5,27
297.3,308.6,1376,53.5,112
301,311.6,1609,35.8,156
298.7,309.9,1483,32.8,142
300.3,311.5,1466,46.2,62
300.7,311,1436,44.9,119
299,310,1488,46.3,198
298.7,309.8,1181,65.9,203
302.6,311.6,1518,39,184
297.1,308.5,1712,32.1,48
300.7,310.6,1439,41.7,184
302.4,311.5,1590,39.9,58
303.5,312.2,1511,37.1,27
297.7,308.7,1694,29.1,102
299.1,308.3,1426,40.1,60
300.6,311.7,1428,52.6,208
298.5,308.3,1504,38,20
299.4,310.6,1348,54.5,22
302.3,311.1,1543,37.5,73
300.8,310.7,1339,59.1,203
298.7,310.1,1506,50.7,53
298.6,309.6,1635,29.7,9
296.6,307.5,1485,42.7,204
299.3,309.3,1325,62,47
300.5,311.9,1887,21.7,56
298.7,310.1,1433,54.6,66
297.1,308.5,1515,42.1,81
302.6,311,1660,38,99
300,309.2,1759,27.9,5
297.5,308.4,1685,28.1,15
297.6,308.7,1455,48.2,145
301.5,310.5,1380,48.7,160
296.9,307.8,1466,45.7,153
302.7,312.4,1423,51.9,60
300.7,310.6,1407,42.4,218
297.6,309.5,1709,32.2,65
299.5,309.2,1495,41.6,17
300.5,311.8,1591,42,182
298,309.2,1558,41.7,35
303.3,311.4,1732,25.6,232
300,311.4,1374,41.9,96
303.9,313.1,1473,42.8,97
303.1,311.1,1420,55.8,113
300.6,312.1,1354,46.9,138
298.9,310.2,1445,40,129
304.2,313.3,1464,45.9,48
300.9,310.3,1440,47.6,140
303.8,312.6,1527,41.9,159
300.1,309.7,1348,57.3,48
299,310,1360,48.1,37
296.5,307.5,1566,35.1,206
301.3,310.6,1510,38.5,47
301.3,311.1,1438,43,137
302,309.8,1480,40,199
297.5,308.8,1455,46.1,147
297.3,308.1,1568,34.4,194
297.1,307.9,1507,38.3,170
298.1,307.6,1364,53.8,129
300.4,311.2,1705,28.7,20
298.6,308.4,1407,50.5,164
299.7,309.2,1645,30.8,137
301.8,311.2,1840,26.6,202
301.5,310.7,1871,21.3,152
297.5,308.8,1533,41.5,223
301.6,310.7,1429,43.6,176
300.1,309.2,1454,44.4,19
303.7,312.7,1572,37.2,192
297.6,308.5,1475,42.4,24
302.7,312.1,1601,35.2,31
298.9,308.6,1524,40.4,131
299.7,309.1,1715,27.8,192
299.5,309.4,1390,58.8,195
299.1,308.8,1553,32.6,90
302.3,311.4,1372,46,86
298.3,309.5,1711,30.3,148
302.5,310.5,1507,40.2,201
299.1,310.3,1449,40.7,40
298,307.5,1683,27.8,26
300.6,309.4,1425,40.3,103
300.7,309.6,1390,48.5,7
297.4,307.9,1338,48.5,158
298.5,309.5,1428,43.5,87
298.2,307.9,1551,36,186
300.5,312,1646,29.5,106
296.6,307.5,1439,45.5,199
303.7,312.6,1429,43.3,189
297.1,307.9,1456,50,166
300.6,311.5,1419,38.6,31
297.5,309.5,1668,27.9,240
299.8,309.7,1320,61.7,134
298.2,307.8,1355,51.3,70
299.6,309.1,1574,39.2,83
299.6,309.4,1605,29.8,142
302.6,312.1,1344,51,206
298.8,310.2,1504,41,51
299.3,310.9,1826,25.1,2
300.6,309.4,1312,45.2,73
301.7,310.6,1447,56.9,47
298.5,307.9,1640,33.1,146
299.2,308.3,1755,26.4,19
300.8,312.3,1435,44.8,134
301.8,310,1781,23.9,198
301.7,311,1474,42.6,164
301.8,309.5,1525,39.6,227
299,310.3,1558,35.4,223
298.2,309,1441,44.2,147
301.6,310.6,1553,38.9,0
300.2,310.3,1478,38.1,45
302.3,311.4,1535,41.8,77
302.8,312.5,1694,28.4,66
301.4,310.7,1280,61,106
299.1,308.9,1680,27.2,110
298.4,309.1,1576,38.8,167
301.4,310.5,1489,43.5,98
298.8,308.1,1472,53.5,28
301.3,310.8,1628,32.2,43
297.6,308.3,1816,28.8,106
297.1,308.5,1733,28.7,50
302.1,311,1586,35.1,142
301.3,311,1341,59.3,134
299,308.8,1495,38.4,75
298.3,309.4,1468,46.2,10
297.4,308.7,1429,37.6,118
297.9,308.5,1300,53,172
301.8,310.3,1765,27.3,29
297.9,309.2,1478,39.7,10
298.8,310.1,1243,74.5,194
300.5,310.6,1543,36.2,30
297.4,308.2,1639,33.8,39
296.6,307.5,1482,39.9,153
299.9,310.1,1447,51.4,185
298.6,310.1,1533,33.9,24
300.1,310.4,1554,39.4,115
301.8,310.7,1751,29.3,133
300.9,310.8,1701,30.4,55
298.5,309.7,1354,60.8,96
297.3,308.5,1384,39.6,144
303.3,311.3,1393,47.4,18
303.4,311.7,1515,44.2,168
301.4,310.8,1610,34.6,187
298.3,309.3,1558,37.2,73
300.7,311.9,1329,59.2,121
301.3,310.8,1428,55.2,88
302.5,310.3,1539,39,119
296.8,307.8,1480,39.4,122
297.8,308.8,1559,35.2,66
298.4,309.4,1512,35.3,51
301,311.1,1420,47.4,167
300.9,311,1556,38.8,127
298.9,310,1719,27.3,58
300.1,311.3,1547,40,201
296.1,307,1523,42,164
302.6,312.2,1353,56.5,168
299.7,309.2,1302,55.5,87
299.8,310.2,1911,23.5,166
298.1,307.9,1425,58.2,57
300.4,309.7,1467,36.9,131
302.5,311.4,1674,27,223
297.8,309.3,2015,20.1,161
300.8,310.8,1486,45.7,146
298.2,309,1596,37.2,87
299.4,309,1415,51.7,62
301.9,310.7,1717,26.8,27
300.3,311.8,1483,45.1,181
297.5,308.5,1446,41.9,32
298.2,309.4,1408,46.5,76
300.5,309.7,1887,24.3,28
302.5,310.8,1577,36.9,158
298.4,308.3,1433,62.3,20
302,311,1632,34.2,18
298.3,308.4,1490,41.7,170
298.9,310,1456,43.8,15
303.4,311.6,1446,50,163
301.6,310.8,1961,21.8,148
302.3,311.7,1453,41.2,147
300.8,310.2,1850,22.8,33
298.4,309.6,1479,37.8,144
301.8,310.8,1557,33.3,190
302.4,310.1,1556,32.9,132
299.4,310.8,1391,48.9,139
301.8,311,1771,27.2,162
298.3,308,1463,42.5,190
304,312.7,1456,51.2,160
298.1,307.8,1413,54.1,113
300.5,309.5,1635,34.2,62
298.8,310,1389,49.6,149
298.7,310.1,1549,42.5,61
298.7,308.4,1441,43.2,132
298.1,307.4,1608,33.9,193
299.9,310.5,1335,52.9,180
300.7,311,1378,41.2,93
298.1,307.4,1363,60.1,187
298,309,1562,39.2,155
298.1,307.7,1537,40.8,169
299.4,310.8,1585,31.4,149
298.2,307.8,1627,31.5,64
298.9,310.1,1549,40.2,65
298.7,308.5,1467,40.7,106
297.3,308.3,1657,31.1,8
298.6,308.4,1559,36.6,188
299.3,309.1,1388,45.5,123
302.7,312.5,1527,36.4,26
302.3,311.2,1401,49.7,118
299.9,310,1484,42.1,182
302,310,1664,28.6,190
302.3,311.4,1484,39.5,22
301.9,310.3,1972,21.3,67
298.9,310.1,1442,42.9,153
300.5,311.5,1651,36.9,65
303.3,312.2,1506,40,50
300,310.1,1714,28.7,55
299.4,309.2,1607,31.7,145
300.7,312.3,1898,24,60
296,306.6,1392,51.3,124
299,308.6,1645,33.4,22
300.4,309.2,1528,37.2,228
298.6,309.5,1547,44.8,36
297.3,308.4,1864,23.1,90
303.5,312.4,1574,32.7,175
298,307.6,1281,50.8,122
300.9,312.2,1811,23.2,72
300.1,311.5,1422,46.2,134
299.2,308.4,1381,42.5,54
302.2,311.7,1556,38.6,145
302.4,311.1,1887,22.4,197
302.7,311.8,1728,30,12
301.3,311.1,1560,35.3,55
302.7,312.2,1585,35.5,167
300.1,311.4,1575,29.8,210
302.3,312,1398,43.3,171
300.2,309.3,1532,43.2,53
299.5,309.2,1393,47.3,20
301.6,310.1,1694,26.3,14
298.8,310.1,1653,30.3,119
297.3,308.5,1625,32.8,92
303,312.4,1526,36.1,142
303.6,312.6,1498,40.2,155
297.2,308.5,1518,44.3,163
302.6,312.2,1520,43,208
298.1,309,1557,36,56
300.8,311.4,1521,39.9,15
303.6,311.9,1617,36,95
301.7,310.5,2465,13.7,149
300.9,310.8,1452,43.6,185
299.4,309.1,1417,47.3,59
299.5,309.3,1333,54.1,147
297.4,308.5,1501,44.9,20
298.4,308.7,1523,36.1,126
297.9,307.6,1298,52.7,132
297.5,308.4,1440,35.9,13
302.9,311.2,1467,37.7,73
